annee;coordonnees;dep;depcom;libcom;naissances;reg
"2010";"47.9616184488, 7.54628533058";"68";"68130";"Heiteren";"9";"42";"NaN"
"2007";"45.8555126651, 5.94075287432";"74";"74225";"Rumilly";"199";"82";"NaN"
"2008";"48.7733620104, 2.48799310463";"94";"94011";"Bonneuil-sur-Marne";"303";"11";"NaN"
"2007";"49.5766905204, -1.64595103605";"50";"50230";"Hardinvast";"10";"25";"NaN"
"2005";"46.3972479854, 5.06297763777";"01";"01364";"Saint-Jean-sur-Reyssouze";"9";"82";"NaN"
"2008";"47.9627627539, 1.70271671519";"45";"45152";"Gémigny";"4";"24";"NaN"
"2005";"49.0430008047, 1.79368235837";"78";"78536";"Sailly";"5";"11";"NaN"
"2011";"44.6300356626, 1.656114201439999";"46";"46054";"Caniac-du-Causse";"3";"73";"NaN"
"2003";"47.7656859341, 6.30499154261";"70";"70213";"Éhuns";"2";"43";"NaN"
"2012";"45.6322671317, 4.59660370042";"69";"69180";"Saint-André-la-Côte";"6";"82";"NaN"
"2005";"47.8914794989, 1.7735811346300001";"45";"45067";"Chaingy";"35";"24";"NaN"
"2011";"48.5051745323, 6.01397377452";"54";"54235";"Goviller";"4";"41";"NaN"
"2006";"49.2986310738, 4.93353443761";"08";"08131";"Cornay";"1";"21";"NaN"
"2009";"47.7656148991, 5.78234601722";"70";"70423";"Preigney";"2";"43";"NaN"
"2011";"48.8332483875, 2.04229462765";"78";"78518";"Rennemoulin";"1";"11";"NaN"
"2008";"50.0944816863, 1.588622910879999";"80";"80597";"Nibas";"10";"22";"NaN"
"2013";"46.4828315658, -0.599450293173";"79";"79101";"Coulonges-sur-l'Autize";"19";"54";"NaN"
"2009";"49.4065310007, 4.311982139579999";"08";"08314";"Neuflize";"6";"21";"NaN"
"2007";"46.2272985258, 0.0665477663208";"79";"79205";"Pers";"0";"54";"NaN"
"2011";"46.5942298159, 5.67721332871";"39";"39326";"Mesnois";"1";"43";"NaN"
"2003";"50.2094536408, 3.15541640096";"59";"59294";"Haynecourt";"5";"31";"NaN"
"2013";"50.7949144222, 2.27990645597";"59";"59433";"Nieurlet";"12";"31";"NaN"
"2013";"49.8554489068, 3.15363305662";"02";"02029";"Attilly";"4";"22";"NaN"
"2008";"48.1133336245, 6.51405793958";"88";"88011";"Arches";"17";"41";"NaN"
"2006";"46.2020674785, 0.853464651387";"87";"87136";"Saint-Barbant";"3";"74";"NaN"
"2003";"45.4076896858, 5.03351016146";"38";"38324";"Primarette";"8";"82";"NaN"
"2003";"47.916936377, 1.82353479018";"45";"45169";"Ingré";"71";"24";"NaN"
"2006";"46.3999686416, 0.663328917773";"86";"86153";"Mazerolles";"15";"54";"NaN"
"2004";"46.7100754692, 4.87819266492";"71";"71555";"Varennes-le-Grand";"17";"26";"NaN"
"2004";"46.9252807285, 0.374730280796";"86";"86217";"Saint-Christophe";"6";"54";"NaN"
"2004";"50.1830406458, 4.02228377235";"59";"59175";"Dimont";"6";"31";"NaN"
"2004";"50.2043374368, 3.35238504979";"59";"59502";"Rieux-en-Cambrésis";"13";"31";"NaN"
"2004";"44.0448344934, 6.44538846702";"04";"04099";"Lambruisse";"0";"93";"NaN"
"2004";"49.0900262096, 2.40710033598";"95";"95214";"Épinay-Champlâtreux";"0";"11";"NaN"
"2005";"44.4870907058, 1.17069333497";"46";"46147";"Lagardelle";"3";"73";"NaN"
"2009";"49.5158815481, 2.7484137141";"60";"60386";"Marquéglise";"5";"22";"NaN"
"2008";"46.8818371328, -2.01607828912";"85";"85273";"Saint-Urbain";"34";"52";"NaN"
"2012";"49.0441683455, 2.12861303743";"95";"95572";"Saint-Ouen-l'Aumône";"468";"11";"NaN"
"2007";"47.3218215365, 5.91157630752";"25";"25536";"Sauvagney";"1";"43";"NaN"
"2007";"43.2464550515, 6.52192234084";"83";"83042";"Cogolin";"155";"93";"NaN"
"2005";"46.8482451972, 5.507416249";"39";"39575";"Le Villey";"1";"43";"NaN"
"2010";"43.3565898582, -0.284966466044";"64";"64370";"Maucor";"5";"72";"NaN"
"2008";"50.0413268784, 1.428617578009999";"76";"76255";"Eu";"85";"23";"NaN"
"2005";"46.7496326396, 6.00775677762";"39";"39165";"Conte";"1";"43";"NaN"
"2010";"43.3960752682, -0.432656657053999";"64";"64549";"Uzein";"12";"72";"NaN"
"2006";"43.8612350805, 4.65739524122";"13";"13061";"Saint-Pierre-de-Mézoargues";"2";"93";"NaN"
"2009";"44.879045176700004, 0.024938758337700002";"24";"24466";"Saint-Michel-de-Montaigne";"5";"72";"NaN"
"2007";"43.3934944571, 5.3808040555";"13";"13106";"Septèmes-les-Vallons";"138";"93";"NaN"
"2012";"42.7483532712, 2.8456847121";"66";"66138";"Peyrestortes";"13";"91";"NaN"
"2013";"50.3253821605, 3.60666630753";"59";"59166";"Curgies";"14";"31";"NaN"
"2006";"50.2986246557, 3.68344256708";"59";"59640";"Wargnies-le-Petit";"12";"31";"NaN"
"2006";"44.5476858944, 2.32505415911";"12";"12100";"Firmi";"20";"73";"NaN"
"2008";"49.0358954042, 2.84316991013";"77";"77205";"Gesvres-le-Chapitre";"1";"11";"NaN"
"2005";"49.4965544546, 1.34755871373";"76";"76554";"Saint-Aignan-sur-Ry";"4";"23";"NaN"
"2010";"49.3794043122, -0.951377407958999";"14";"14239";"Englesqueville-la-Percée";"0";"25";"NaN"
"2003";"49.6991905153, 1.98093616856";"60";"60194";"Dargies";"2";"22";"NaN"
"2007";"49.8372754134, 1.18137897384";"76";"76582";"Saint-Germain-d'Étables";"7";"23";"NaN"
"2011";"49.5581716513, 0.652697455698";"76";"76585";"Saint-Gilles-de-Crétot";"9";"23";"NaN"
"2013";"50.2447242764, 3.29498867507";"59";"59219";"Estrun";"10";"31";"NaN"
"2010";"49.847513728, 1.12124254365";"76";"76030";"Aubermesnil-Beaumais";"4";"23";"NaN"
"2009";"49.0732578587, -0.860019640387999";"14";"14350";"La Lande-sur-Drôme";"2";"25";"NaN"
"2012";"50.4093268684, 3.32433906396";"59";"59642";"Warlaing";"9";"31";"NaN"
"2013";"43.5621026684, 3.27145529278";"34";"34168";"Montesquieu";"0";"91";"NaN"
"2004";"14.7694146135, -61.1206407775";"972";"97218";"Le Morne-Rouge";"73";"02";"NaN"
"2008";"43.6896523672, 3.809695774729999";"34";"34255";"Saint-Gély-du-Fesc";"67";"91";"NaN"
"2004";"49.6175135557, 0.761699633531";"76";"76758";"Yvetot";"130";"23";"NaN"
"2012";"44.7607755904, 0.0336581808427";"33";"33247";"Listrac-de-Durèze";"2";"72";"NaN"
"2005";"48.6022245541, 3.42081185296";"77";"77026";"Beauchery-Saint-Martin";"6";"11";"NaN"
"2009";"43.3817686884, 2.91141941594";"34";"34339";"Villespassans";"2";"91";"NaN"
"2010";"48.7047767033, 3.34596512996";"77";"77066";"Cerneux";"4";"11";"NaN"
"2003";"47.1433950802, 1.77650851914";"36";"36147";"Orville";"2";"24";"NaN"
"2013";"46.9451858636, -1.1916392484";"85";"85025";"La Boissière-de-Montaigu";"27";"52";"NaN"
"2003";"48.1830495916, -1.8929319831";"35";"35227";"Pleumeleuc";"28";"53";"NaN"
"2013";"49.5016042328, 0.923668432121";"76";"76636";"Saint-Pierre-de-Varengeville";"28";"23";"NaN"
"2008";"49.6236633392, 0.990120224832";"76";"76370";"Hugleville-en-Caux";"5";"23";"NaN"
"2003";"48.1470755546, 5.47884380766";"52";"52489";"Thol-lès-Millières";"0";"21";"NaN"
"2009";"45.9209843347, 3.33844645964";"63";"63210";"Maringues";"35";"83";"NaN"
"2013";"49.5787455388, 0.211169186328";"76";"76534";"Rolleville";"6";"23";"NaN"
"2011";"49.5726933909, 0.630520111377";"76";"76559";"Saint-Aubin-de-Crétot";"9";"23";"NaN"
"2004";"49.4330992435, 1.01355208279";"76";"76157";"Canteleu";"222";"23";"NaN"
"2011";"45.7949000316, 2.62744439303";"63";"63292";"Puy-Saint-Gulmier";"1";"83";"NaN"
"2013";"42.6043043945, 3.0052419925";"66";"66094";"Latour-Bas-Elne";"21";"91";"NaN"
"2013";"42.6739429511, 2.30444228005";"66";"66119";"Mosset";"4";"91";"NaN"
"2011";"43.2154362655, -0.13411881653899901";"64";"64097";"Barzun";"9";"72";"NaN"
"2005";"43.5121931243, -0.244633052278";"64";"64534";"Taron-Sadirac-Viellenave";"2";"72";"NaN"
"2012";"43.3497136026, -1.69722838309";"64";"64545";"Urrugne";"96";"72";"NaN"
"2007";"48.5825386976, 7.40408500338";"67";"67018";"Balbronn";"6";"42";"NaN"
"2007";"49.0032908553, 1.86919580679";"78";"78403";"Mézy-sur-Seine";"24";"11";"NaN"
"2009";"49.2260820687, 0.696761680662";"27";"27028";"Authou";"5";"23";"NaN"
"2011";"42.9660849304, -0.154640259389999";"65";"65428";"Sireix";"0";"73";"NaN"
"2006";"48.9218797672, 7.48346810796";"67";"67265";"Lichtenberg";"7";"42";"NaN"
"2013";"45.0745744027, 0.907034401577";"24";"24421";"Saint-Geyrac";"1";"72";"NaN"
"2009";"45.4780382344, -0.157746079718";"16";"16028";"Barbezieux-Saint-Hilaire";"39";"54";"NaN"
"2004";"48.5125214509, 7.3121237174200004";"67";"67306";"Muhlbach-sur-Bruche";"6";"42";"NaN"
"2010";"44.6594105975, 5.20902825087";"26";"26080";"Chastel-Arnaud";"0";"82";"NaN"
"2013";"43.7292469184, 3.9239639392";"34";"34118";"Guzargues";"4";"91";"NaN"
"2009";"43.5964619142, 3.08445405222";"34";"34126";"Lamalou-les-Bains";"22";"91";"NaN"
"2005";"47.8158272648, 1.11151070429";"41";"41138";"Meslay";"2";"24";"NaN"
"2012";"47.5237437505, 6.84347198387";"25";"25614";"Vieux-Charmont";"34";"43";"NaN"
"2007";"46.9996929987, 6.49767988013";"25";"25620";"Ville-du-Pont";"3";"43";"NaN"
"2003";"47.2606621308, 5.96639565137";"25";"25454";"Pirey";"13";"43";"NaN"
"2008";"44.6779492335, 5.14503680871";"26";"26015";"Aubenasson";"1";"82";"NaN"
"2011";"44.5598132934, 5.27103009679";"26";"26321";"Saint-Nazaire-le-Désert";"1";"82";"NaN"
"2004";"46.9637143049, 6.04884299454";"25";"25270";"Gevresin";"1";"43";"NaN"
"2003";"47.4763314915, 6.41042032823";"25";"25419";"Nans";"0";"43";"NaN"
"2006";"49.2931111781, 1.10157387414";"27";"27188";"Criquebeuf-sur-Seine";"17";"23";"NaN"
"2007";"49.0522263912, 1.16057059772";"27";"27299";"Gravigny";"61";"23";"NaN"
"2011";"46.7940131071, 6.35258937692";"25";"25565";"Touillon-et-Loutelet";"7";"43";"NaN"
"2005";"49.17694671, 0.926307699955";"27";"27354";"Iville";"1";"23";"NaN"
"2011";"46.1537845403, 5.61352793799";"01";"01269";"Nantua";"55";"82";"NaN"
"2012";"48.8213584613, 1.33287296161";"27";"27391";"Marcilly-sur-Eure";"25";"23";"NaN"
"2005";"46.2104135162, 5.14487465017";"01";"01065";"Buellas";"17";"82";"NaN"
"2004";"44.0119187928, 3.1838932062";"12";"12063";"La Cavalerie";"16";"73";"NaN"
"2005";"47.4220683094, 2.6720550629";"18";"18264";"Thou";"0";"24";"NaN"
"2012";"47.6324839446, 4.57347915813";"21";"21160";"Chaume-lès-Baigneux";"0";"26";"NaN"
"2008";"46.8209400192, 2.60143793073";"18";"18277";"Verneuil";"0";"24";"NaN"
"2012";"45.1467893413, 1.43249583574";"19";"19229";"Saint-Pantaléon-de-Larche";"42";"74";"NaN"
"2012";"45.0549433234, 2.05205394933";"19";"19189";"Saint-Bonnet-les-Tours-de-Merle";"1";"74";"NaN"
"2013";"49.0949364148, 0.966325721696";"27";"27298";"Graveron-Sémerville";"3";"23";"NaN"
"2007";"46.6281920568, 2.29315665601";"18";"18059";"Le Châtelet";"10";"24";"NaN"
"2009";"44.2625812469, 5.34101183886";"26";"26278";"La Roche-sur-le-Buis";"2";"82";"NaN"
"2008";"47.3605540938, 4.96901845433";"21";"21223";"Daix";"2";"26";"NaN"
"2006";"44.1975046499, 5.55416093649";"26";"26340";"Séderon";"2";"82";"NaN"
"2005";"45.3273225675, 1.942748004409999";"19";"19081";"Eyrein";"6";"74";"NaN"
"2012";"49.17694671, 0.926307699955";"27";"27354";"Iville";"5";"23";"NaN"
"2006";"45.0984942531, 4.844233369";"26";"26110";"Crozes-Hermitage";"4";"82";"NaN"
"2005";"46.7617210337, 2.20479418633";"18";"18127";"Lignières";"10";"24";"NaN"
"2008";"49.3162735128, 0.851459727067";"27";"27084";"Bosc-Bénard-Commin";"5";"23";"NaN"
"2004";"43.3759426738, 0.285547480034";"65";"65170";"Estampures";"0";"73";"NaN"
"2010";"44.3064594979, 4.01942334563";"30";"30079";"Chambon";"0";"91";"NaN"
"2011";"49.4135236522, 1.14513058262";"76";"76429";"Le Mesnil-Esnard";"65";"23";"NaN"
"2009";"43.9259952676, 4.29189609942";"30";"30102";"Dions";"10";"91";"NaN"
"2013";"49.8452221098, 1.297938623399999";"76";"76472";"Notre-Dame-d'Aliermont";"12";"23";"NaN"
"2011";"42.59289857, 9.00608149281";"2B";"2B182";"Occhiatana";"0";"94";"NaN"
"2011";"48.6145967279, 2.8066323497";"77";"77004";"Andrezel";"1";"11";"NaN"
"2012";"42.052431318000004, 9.29203820739";"2B";"2B236";"Poggio-di-Nazza";"1";"94";"NaN"
"2013";"49.874204912, 1.23753225509";"76";"76624";"Saint-Nicolas-d'Aliermont";"32";"23";"NaN"
"2010";"42.8472592399, 0.521910394334";"31";"31127";"Caubous";"0";"73";"NaN"
"2011";"49.5875455354, 1.679255873069999";"76";"76345";"Haussez";"3";"23";"NaN"
"2011";"43.7390147281, 1.59616914343";"31";"31216";"Gémil";"3";"73";"NaN"
"2005";"50.5874971634, 2.40937405829";"62";"62620";"Norrent-Fontes";"20";"31";"NaN"
"2008";"46.0341686702, 1.20438019379";"87";"87023";"Le Buis";"2";"74";"NaN"
"2008";"50.2529566088, 2.76055250016";"62";"62013";"Agny";"25";"31";"NaN"
"2003";"48.3204577323, 7.11579195781";"88";"88112";"Colroy-la-Grande";"6";"41";"NaN"
"2006";"50.1420610157, 2.827509855199999";"62";"62103";"Béhagnies";"2";"31";"NaN"
"2008";"46.2424604535, 1.01968874073";"87";"87109";"Oradour-Saint-Genest";"3";"74";"NaN"
"2011";"50.4084556449, 1.78127372492";"62";"62150";"Boisjean";"6";"31";"NaN"
"2009";"45.9983550083, 1.21994998762";"87";"87197";"Thouron";"10";"74";"NaN"
"2010";"50.4023869418, 1.650932743729999";"62";"62849";"Verton";"20";"31";"NaN"
"2004";"47.4807022931, 4.10703113936";"89";"89377";"Sauvigny-le-Beuréal";"0";"26";"NaN"
"2013";"50.2905902827, 2.44714550707";"62";"62266";"Denier";"0";"31";"NaN"
"2007";"47.973029644, 3.46898272005";"89";"89218";"Laroche-Saint-Cydroine";"16";"26";"NaN"
"2013";"50.7728122391, 2.20152463188";"62";"62819";"Tilques";"11";"31";"NaN"
"2013";"48.2777545951, 6.3206668903";"88";"88437";"Saint-Vallier";"1";"41";"NaN"
"2004";"48.4139044726, 5.73896632817";"88";"88460";"Soulosse-sous-Saint-Élophe";"5";"41";"NaN"
"2004";"47.5584131204, 5.28562266214";"21";"21163";"Chazeuil";"4";"26";"NaN"
"2006";"47.9659189559, 6.72991911835";"88";"88467";"Thiéfosse";"7";"41";"NaN"
"2009";"47.917342261, 4.49676949979";"21";"21499";"Pothières";"4";"26";"NaN"
"2010";"47.4402798544, 5.09615121255";"21";"21391";"Marsannay-le-Bois";"12";"26";"NaN"
"2005";"47.4884901774, 4.57055360819";"21";"21314";"Hauteroche";"0";"26";"NaN"
"2004";"47.4902826787, 4.40108414456";"21";"21329";"Juilly";"0";"26";"NaN"
"2012";"48.3347554492, 6.0998994342";"88";"88364";"Puzieux";"1";"41";"NaN"
"2011";"44.4025946002, -0.0592641456363";"33";"33276";"Masseilles";"1";"72";"NaN"
"2004";"-20.9940292693, 55.3975084985";"974";"97408";"La Possession";"503";"04";"NaN"
"2007";"43.3285047609, 3.11398724899";"34";"34161";"Montady";"33";"91";"NaN"
"2007";"43.6574397146, 3.29580652136";"34";"34186";"Octon";"3";"91";"NaN"
"2005";"43.5606642689, 3.9517570851799992";"34";"34198";"Pérols";"84";"91";"NaN"
"2005";"44.9696352985, -0.446132776746999";"33";"33143";"Cubzac-les-Ponts";"16";"72";"NaN"
"2011";"43.9010523591, 3.72652630409";"34";"34005";"Agonès";"0";"91";"NaN"
"2010";"46.9074666618, 1.65377312715";"36";"36247";"Vineuil";"14";"24";"NaN"
"2010";"47.5225157675, 1.00231924384";"37";"37009";"Autrèche";"6";"24";"NaN"
"2003";"47.3404974973, 1.67985209939";"41";"41185";"Pruniers-en-Sologne";"28";"24";"NaN"
"2005";"47.3404974973, 1.67985209939";"41";"41185";"Pruniers-en-Sologne";"16";"24";"NaN"
"2008";"43.0488081188, 1.75644029197";"09";"09340";"Vira";"1";"73";"NaN"
"2005";"47.7252568405, 0.824501862365";"41";"41225";"Saint-Martin-des-Bois";"8";"24";"NaN"
"2003";"43.3873063189, 2.30289301086";"11";"11079";"Caudebronde";"3";"91";"NaN"
"2009";"47.720161352, 0.921027740309";"41";"41236";"Sasnières";"2";"24";"NaN"
"2004";"43.6208174786, -1.13368115341";"40";"40269";"Saint-Lon-les-Mines";"16";"72";"NaN"
"2003";"43.1233667557, 2.03299800063";"11";"11246";"Montgradail";"1";"91";"NaN"
"2006";"47.6160275858, 1.54153082337";"41";"41034";"Chambord";"5";"24";"NaN"
"2004";"47.4622240218, 1.27087030683";"41";"41145";"Monthou-sur-Bièvre";"14";"24";"NaN"
"2005";"44.2590321912, 2.52423447426";"12";"12043";"Calmont";"14";"73";"NaN"
"2010";"45.5249803676, 4.05302501039";"42";"42137";"Margerie-Chantagret";"11";"82";"NaN"
"2009";"42.2434011098, 8.85509262516";"2A";"2A100";"Cristinacce";"0";"94";"NaN"
"2006";"42.4353535822, 9.42365261956";"2B";"2B072";"Casalta";"0";"94";"NaN"
"2009";"42.1355350741, 9.368065079139999";"2B";"2B075";"Casevecchie";"0";"94";"NaN"
"2005";"45.1844564784, 4.32318621334";"43";"43141";"Montfaucon-en-Velay";"13";"83";"NaN"
"2005";"42.3279231457, 9.43443873515";"2B";"2B334";"Valle-d'Alesani";"0";"94";"NaN"
"2004";"44.9731979795, 4.13915382699";"43";"43186";"Saint-Front";"4";"83";"NaN"
"2008";"42.3897522574, 9.28923196943";"2B";"2B304";"San-Lorenzo";"2";"94";"NaN"
"2003";"47.2627722067, 4.55560519834";"21";"21501";"Pouilly-en-Auxois";"19";"26";"NaN"
"2011";"49.7247039611, 4.07368196391";"02";"02678";"Sainte-Geneviève";"2";"22";"NaN"
"2007";"49.6436030037, 3.67943401416";"02";"02787";"Verneuil-sur-Serre";"4";"22";"NaN"
"2006";"48.6564842295, 7.61650465885";"67";"67495";"Truchtersheim";"25";"42";"NaN"
"2007";"48.1028804059, 5.411532710839999";"52";"52319";"Mennouveaux";"0";"21";"NaN"
"2009";"48.759113126, 7.71180608722";"67";"67417";"Rottelsheim";"2";"42";"NaN"
"2009";"48.8084972349, 6.60564803108";"57";"57295";"Haraucourt-sur-Seille";"1";"41";"NaN"
"2003";"43.9153232562, 7.14112063451";"06";"06078";"Malaussène";"0";"93";"NaN"
"2004";"49.437242014, 6.41053052228";"57";"57364";"Kirsch-lès-Sierck";"4";"41";"NaN"
"2004";"47.8619039789, 0.571664578097";"72";"72210";"Montreuil-le-Henri";"7";"52";"NaN"
"2011";"47.7239745954, -2.77407412753";"56";"56132";"Meucon";"26";"53";"NaN"
"2012";"46.892384215, 4.61739889874";"71";"71480";"Saint-Sernin-du-Plain";"4";"26";"NaN"
"2011";"47.7824013121, -3.01608916771";"56";"56177";"Pluvigner";"98";"53";"NaN"
"2013";"43.9169566519, 0.793230130965";"32";"32371";"Saint-Créac";"0";"73";"NaN"
"2008";"49.1145150394, 7.26539475747";"57";"57196";"Erching";"5";"41";"NaN"
"2009";"43.8493406268, 0.533837296502999";"32";"32417";"La Sauvetat";"6";"73";"NaN"
"2013";"48.9726017584, 6.41177578458";"57";"57220";"Flocourt";"3";"41";"NaN"
"2008";"43.4382106135, 2.89298078323";"34";"34021";"Babeau-Bouldoux";"0";"91";"NaN"
"2010";"48.7700278814, 6.87194156304";"57";"57241";"Fribourg";"4";"41";"NaN"
"2005";"43.6470278582, 3.69970280024";"34";"34163";"Montarnaud";"35";"91";"NaN"
"2011";"50.8503260936, 2.56373009721";"59";"59662";"Winnezeele";"20";"31";"NaN"
"2010";"44.6612294768, -0.0744756650033";"33";"33419";"Saint-Hilaire-du-Bois";"1";"72";"NaN"
"2011";"49.5890936598, 2.51315398391";"60";"60232";"Ferrières";"5";"22";"NaN"
"2010";"43.8258792958, 3.81594115677";"34";"34236";"Rouet";"0";"91";"NaN"
"2007";"49.5932820021, 1.739605828639999";"60";"60596";"Saint-Samson-la-Poterie";"7";"22";"NaN"
"2013";"46.9913891791, -1.71864413598";"44";"44090";"La Marne";"21";"52";"NaN"
"2003";"49.1369195797, 2.810793411879999";"60";"60446";"Nanteuil-le-Haudouin";"45";"22";"NaN"
"2008";"47.357199355, -1.445303373989999";"44";"44179";"Saint-Mars-du-Désert";"46";"52";"NaN"
"2010";"49.5774343318, 3.00799806171";"60";"60471";"Noyon";"245";"22";"NaN"
"2013";"47.9116141172, 1.87108144709";"45";"45285";"Saint-Jean-de-la-Ruelle";"272";"24";"NaN"
"2012";"46.4533938495, 2.252917543569999";"18";"18187";"Préveranges";"1";"24";"NaN"
"2004";"47.7235377028, 2.478830111509999";"45";"45184";"Lion-en-Sullias";"4";"24";"NaN"
"2013";"46.5062478492, 2.24046753513";"18";"18234";"Saint-Saturnin";"3";"24";"NaN"
"2005";"47.6161807189, 7.27312864168";"68";"68377";"Wittersdorf";"7";"42";"NaN"
"2003";"47.3235446456, 5.32194001465";"21";"21256";"Étevaux";"6";"26";"NaN"
"2009";"47.1779786537, 4.99751060917";"21";"21297";"Gilly-lès-Cîteaux";"8";"26";"NaN"
"2005";"47.8261016815, 4.36829803111";"21";"21336";"Laignes";"5";"26";"NaN"
"2012";"47.6545449376, 5.73384333602";"70";"70251";"Francourt";"1";"43";"NaN"
"2010";"44.9374662553, 1.80814651147";"19";"19116";"Liourdres";"2";"74";"NaN"
"2007";"47.8249718183, -0.411523601476";"72";"72343";"Souvigné-sur-Sarthe";"7";"52";"NaN"
"2008";"46.8513776331, 2.55606472439";"18";"18177";"Parnay";"0";"24";"NaN"
"2003";"47.2641409242, 4.84612094396";"21";"21650";"Urcy";"2";"26";"NaN"
"2006";"47.7050367685, 0.526673141254";"72";"72183";"Marçon";"17";"52";"NaN"
"2003";"48.8389480714, -3.24154914571";"22";"22218";"Plougrescant";"14";"53";"NaN"
"2006";"46.4730942856, 4.16777937135";"71";"71590";"Volesvres";"8";"26";"NaN"
"2013";"48.0528331198, 0.0735665144485";"72";"72113";"Degré";"9";"52";"NaN"
"2008";"47.1127122088, 4.50442046153";"21";"21567";"Saint-Prix-lès-Arnay";"3";"26";"NaN"
"2003";"49.7993640965, 0.528771172238999";"76";"76663";"Sassetot-le-Mauconduit";"11";"23";"NaN"
"2009";"45.0488336059, 0.831249852193999";"24";"24220";"Lacropte";"15";"72";"NaN"
"2006";"49.4661147987, 1.0514305734";"76";"76216";"Déville-lès-Rouen";"144";"23";"NaN"
"2007";"49.7084832857, 0.966266484681999";"76";"76018";"Val-de-Saâne";"20";"23";"NaN"
"2005";"44.9314130626, 1.24431944303";"24";"24341";"Proissans";"8";"72";"NaN"
"2004";"49.9605697459, 1.475935226429999";"76";"76422";"Melleville";"0";"23";"NaN"
"2011";"46.3446574595, 1.9934844532";"23";"23089";"Genouillac";"6";"74";"NaN"
"2011";"46.3383631539, 1.6058357703000001";"23";"23103";"Lafat";"3";"74";"NaN"
"2005";"49.8513622783, 2.86281953727";"80";"80353";"Fresnes-Mazancourt";"2";"22";"NaN"
"2012";"44.9766760202, 1.149651036269999";"24";"24544";"Tamniès";"3";"72";"NaN"
"2008";"49.7135084785, 2.52045231855";"80";"80419";"Hargicourt";"9";"22";"NaN"
"2010";"47.4473299299, 6.69006728254";"25";"25159";"Colombier-Fontaine";"10";"43";"NaN"
"2008";"48.9999173467, 1.840366025439999";"78";"78327";"Juziers";"45";"11";"NaN"
"2003";"46.5484127409, -0.381035769407";"79";"79040";"La Boissière-en-Gâtine";"3";"54";"NaN"
"2004";"47.5003692831, 6.60417908896";"25";"25431";"Onans";"2";"43";"NaN"
"2009";"46.5424201679, -0.0197804413151";"79";"79124";"Les Forges";"0";"54";"NaN"
"2012";"44.0915936004, 2.3448678628";"81";"81302";"Tréban";"1";"73";"NaN"
"2003";"46.290244918, -0.594225936069";"79";"79304";"Sansais";"7";"54";"NaN"
"2009";"49.8367821176, 2.30201932317";"80";"80702";"Saint-Fuscien";"6";"22";"NaN"
"2012";"49.5214021779, 5.76638370702";"54";"54323";"Longwy";"174";"41";"NaN"
"2005";"43.5250362218, 2.06781659289";"81";"81142";"Lempaut";"8";"73";"NaN"
"2009";"47.777433487, -0.874589070437999";"53";"53251";"Saint-Quentin-les-Anges";"5";"52";"NaN"
"2003";"43.8884573228, 2.16955643928";"81";"81218";"Puygouzon";"27";"73";"NaN"
"2012";"48.3825961037, -0.26618187335";"53";"53085";"Crennes-sur-Fraubée";"0";"52";"NaN"
"2007";"50.1482964725, 1.98062619732";"80";"80609";"Oneux";"4";"22";"NaN"
"2008";"47.9922231376, -2.38391082278";"56";"56122";"Loyat";"18";"53";"NaN"
"2013";"47.6929109171, -3.23358959435";"56";"56169";"Plouhinec";"39";"53";"NaN"
"2005";"49.9493617833, 1.992188281889999";"80";"80655";"Quesnoy-sur-Airaines";"3";"22";"NaN"
"2009";"48.8524409919, 5.23092840664";"55";"55479";"Seigneulles";"2";"41";"NaN"
"2005";"46.6822701061, -1.8787272243";"85";"85100";"Givrand";"32";"52";"NaN"
"2007";"49.1968729859, 6.58311875071";"57";"57154";"Coume";"4";"41";"NaN"
"2003";"43.9299576961, 5.47580805616";"84";"84103";"Rustrel";"8";"93";"NaN"
"2013";"49.2400453527, 6.26395844495";"57";"57219";"Flévy";"7";"41";"NaN"
"2006";"46.6221916887, -0.642706103195";"85";"85053";"La Chapelle-aux-Lys";"1";"52";"NaN"
"2003";"48.0984875737, -2.52457196653";"56";"56257";"La Trinité-Porhoët";"6";"53";"NaN"
"2012";"47.637007629, 3.76485740571";"89";"89233";"Lucy-sur-Cure";"1";"26";"NaN"
"2009";"47.8301134196, -3.0000365994";"56";"56031";"Camors";"43";"53";"NaN"
"2006";"47.8862119429, 3.09764224265";"89";"89086";"Charny";"15";"26";"NaN"
"2012";"50.1638275467, 3.37224279409";"59";"59102";"Boussières-en-Cambrésis";"6";"31";"NaN"
"2009";"48.1032737559, 5.90705245577";"88";"88287";"Marey";"1";"41";"NaN"
"2003";"50.4339939197, 3.33534225599";"59";"59109";"Brillon";"10";"31";"NaN"
"2009";"48.2054418574, 7.55188432622";"67";"67195";"Hessenheim";"5";"42";"NaN"
"2003";"48.7832829713, 6.57005924028";"57";"57490";"Moyenvic";"5";"41";"NaN"
"2012";"47.5393826084, 5.96042081802";"70";"70384";"Neuvelle-lès-la-Charité";"1";"43";"NaN"
"2006";"47.0592677863, 3.20126668844";"58";"58300";"Urzy";"19";"26";"NaN"
"2009";"47.0145624747, 4.34030409282";"71";"71184";"Dracy-Saint-Loup";"4";"26";"NaN"
"2013";"50.2956596119, 3.53884943565";"59";"59019";"Artres";"11";"31";"NaN"
"2005";"46.8468026106, 5.26448829043";"71";"71093";"La Chapelle-Saint-Sauveur";"6";"26";"NaN"
"2013";"47.0779068845, 3.04792148383";"58";"58124";"Germigny-sur-Loire";"7";"26";"NaN"
"2008";"47.657168298, 5.83264558833";"70";"70525";"Vauconcourt-Nervezain";"5";"43";"NaN"
"2004";"47.9979943949, 0.93157545943";"41";"41053";"Choue";"8";"24";"NaN"
"2005";"47.2198460424, 4.28865681404";"21";"21349";"Liernais";"4";"26";"NaN"
"2007";"45.4301235512, 4.37913997076";"42";"42218";"Saint-Étienne";"2303";"82";"NaN"
"2012";"47.3663925379, 5.46063337832";"21";"21618";"Talmay";"9";"26";"NaN"
"2009";"45.8614554366, 4.1876629386";"42";"42254";"Saint-Marcel-de-Félines";"8";"82";"NaN"
"2009";"47.5978554183, 4.5815867376899995";"21";"21257";"Étormay";"1";"26";"NaN"
"2004";"45.243301665, 3.25239685673";"43";"43125";"Lubilhac";"0";"83";"NaN"
"2006";"48.7981344824, 3.41720461603";"77";"77287";"Meilleray";"3";"11";"NaN"
"2003";"47.1662982943, 5.12029891779";"21";"21319";"Izeure";"10";"26";"NaN"
"2011";"49.5032742592, 5.72907122522";"54";"54314";"Lexy";"29";"41";"NaN"
"2013";"47.0383104584, 5.14163984518";"21";"21333";"Labruyère";"3";"26";"NaN"
"2005";"48.858937632, 2.99380875199";"77";"77270";"Maisoncelles-en-Brie";"8";"11";"NaN"
"2007";"43.9310810991, 2.00269049249";"81";"81112";"Labastide-de-Lévis";"2";"73";"NaN"
"2005";"47.304903513, -1.912669516919999";"44";"44019";"Bouée";"13";"52";"NaN"
"2005";"46.6025646156, 1.31003931373";"36";"36148";"Oulches";"5";"24";"NaN"
"2007";"47.71227944, 2.665495502039999";"45";"45155";"Gien";"218";"24";"NaN"
"2009";"44.0647889391, 0.966661565341";"82";"82109";"Merles";"2";"73";"NaN"
"2012";"48.3176823306, 7.16688865915";"88";"88275";"Lubine";"4";"41";"NaN"
"2011";"43.3366392546, 6.09141410603";"83";"83059";"Forcalqueiret";"27";"93";"NaN"
"2010";"48.3446679064, 6.54438076888";"88";"88318";"Moyemont";"4";"41";"NaN"
"2009";"44.0227123316, 1.04707174068";"82";"82031";"Castelmayran";"13";"73";"NaN"
"2006";"44.1565421874, 1.543511614869999";"82";"82037";"Caussade";"76";"73";"NaN"
"2005";"46.6542492124, 2.01447840786";"36";"36234";"Verneuil-sur-Igneraie";"5";"24";"NaN"
"2013";"43.5319239166, 1.924501413879999";"81";"81001";"Aguts";"1";"73";"NaN"
"2012";"49.4674285357, -1.77803993341";"50";"50401";"Pierreville";"13";"25";"NaN"
"2011";"43.7052468491, 2.12929403349";"81";"81139";"Lautrec";"12";"73";"NaN"
"2010";"48.6689629346, -0.890384424865";"50";"50456";"Saint-Clément-Rancoudray";"5";"25";"NaN"
"2012";"46.9910483853, 5.7033567423200004";"39";"39093";"Chamblay";"6";"43";"NaN"
"2005";"48.5935730965, 5.69702247068";"55";"55097";"Chalaines";"0";"41";"NaN"
"2003";"46.55692328, 6.01610878304";"39";"39367";"Morbier";"17";"43";"NaN"
"2006";"47.9161136655, 5.5757556812699995";"52";"52275";"Lavernoy";"2";"21";"NaN"
"2007";"45.0936836388, 6.0372345748";"38";"38550";"Villard-Reculas";"0";"82";"NaN"
"2005";"48.6718913156, 4.62316728405";"51";"51406";"Norrois";"0";"21";"NaN"
"2004";"46.5315651436, 5.54829278779";"39";"39045";"Beffia";"6";"43";"NaN"
"2013";"46.3003476512, 4.2482812157";"71";"71553";"Vareilles";"1";"26";"NaN"
"2005";"49.5341980923, 1.815311798369999";"60";"60114";"Buicourt";"1";"22";"NaN"
"2003";"47.9589683966, 0.143770981533";"72";"72003";"Allonnes";"127";"52";"NaN"
"2009";"50.6740689994, 3.15464041723";"59";"59163";"Croix";"318";"31";"NaN"
"2007";"46.587490556, 2.87994545903";"03";"03282";"Theneuille";"2";"83";"NaN"
"2006";"50.6609540641, 3.23330964809";"59";"59598";"Toufflers";"41";"31";"NaN"
"2005";"46.5712518334, 3.28275338591";"03";"03200";"Neuvy";"7";"83";"NaN"
"2011";"50.3241135233, 3.45729001727";"59";"59475";"Prouvy";"33";"31";"NaN"
"2012";"47.5015231113, 2.32162111568";"18";"18227";"Sainte-Montaine";"4";"24";"NaN"
"2008";"46.831031386, 5.16095151897";"71";"71364";"La Racineuse";"1";"26";"NaN"
"2006";"42.7837312275, 1.998232151049999";"11";"11265";"Niort-de-Sault";"0";"91";"NaN"
"2004";"43.2622935263, 1.87477238509";"11";"11275";"Payra-sur-l'Hers";"1";"91";"NaN"
"2005";"46.8470958613, 2.28228826634";"18";"18273";"Venesmes";"11";"24";"NaN"
"2010";"49.0768259488, 0.197537877277";"14";"14582";"Saint-Germain-de-Livet";"11";"25";"NaN"
"2006";"46.8142017646, 2.34261889116";"18";"18078";"Crézançay-sur-Cher";"1";"24";"NaN"
"2009";"49.3459718219, -1.05341223436";"14";"14136";"Cardonville";"1";"25";"NaN"
"2010";"45.2998663219, 1.58155594244";"19";"19234";"Saint-Pardoux-l'Ortigier";"5";"74";"NaN"
"2009";"49.1178873364, 0.0412832698412";"14";"14473";"Notre-Dame-de-Livaye";"1";"25";"NaN"
"2008";"49.1624080403, -0.826461213535";"14";"14506";"Planquery";"0";"25";"NaN"
"2011";"45.0563342157, 1.50252648148";"19";"19147";"Nespouls";"5";"74";"NaN"
"2005";"44.7577269067, -0.397181377193";"33";"33263";"Madirac";"2";"72";"NaN"
"2009";"43.9878674787, 0.546160014237";"32";"32195";"Larroque-Engalin";"0";"73";"NaN"
"2010";"43.354036783, 2.58187245659";"34";"34097";"Félines-Minervois";"5";"91";"NaN"
"2004";"43.5407744121, 3.49239234848";"34";"34047";"Campagnan";"4";"91";"NaN"
"2009";"43.5266707182, 1.34648807644";"31";"31588";"Villeneuve-Tolosane";"114";"73";"NaN"
"2010";"43.1487043658, 0.704879959692";"31";"31536";"Saux-et-Pomarède";"2";"73";"NaN"
"2012";"44.5710681518, -0.111645415983";"33";"33027";"Barie";"4";"72";"NaN"
"2009";"45.6147736513, 4.15456122619";"42";"42105";"Grézieux-le-Fromental";"1";"82";"NaN"
"2007";"47.1082025361, 1.812079859029999";"36";"36170";"Reboursin";"1";"24";"NaN"
"2011";"45.8893402235, 4.31305449394";"42";"42213";"Saint-Cyr-de-Valorges";"3";"82";"NaN"
"2011";"48.2378252875, -2.14354106551";"35";"35234";"Quédillac";"14";"53";"NaN"
"2013";"47.3404974973, 1.67985209939";"41";"41185";"Pruniers-en-Sologne";"27";"24";"NaN"
"2008";"46.5123371526, 2.10013659358";"36";"36073";"Feusines";"2";"24";"NaN"
"2011";"47.474463527, 1.25582446624";"41";"41266";"Valaire";"2";"24";"NaN"
"2005";"48.21225732, -1.57663512362";"35";"35315";"Saint-Sulpice-la-Forêt";"28";"53";"NaN"
"2009";"48.2846714834, -1.893826134939999";"35";"35050";"Cardroc";"13";"53";"NaN"
"2004";"45.6336571325, 0.413391881443";"16";"16323";"Saint-Germain-de-Montbron";"3";"54";"NaN"
"2010";"45.1721196123, 3.08204262828";"15";"15069";"Ferrières-Saint-Mary";"4";"83";"NaN"
"2004";"50.7136140049, 2.333497668839999";"62";"62205";"Campagne-lès-Wardrecques";"9";"31";"NaN"
"2008";"44.9257153749, 2.27440087718";"15";"15088";"Lacapelle-Viescamp";"9";"83";"NaN"
"2013";"50.0545425148, 2.977072654989999";"62";"62494";"Léchelle";"0";"31";"NaN"
"2005";"45.2991036157, -0.212745427895999";"17";"17104";"Chevanceaux";"12";"54";"NaN"
"2008";"50.4709192925, 1.84034009219";"62";"62547";"Marant";"0";"31";"NaN"
"2008";"45.1450926367, 2.49622722458";"15";"15219";"Salers";"2";"83";"NaN"
"2006";"45.0897253064, 3.26165456011";"15";"15229";"Soulages";"0";"83";"NaN"
"2005";"46.0493103798, 0.376687406962";"16";"16054";"Le Bouchage";"0";"54";"NaN"
"2006";"45.6502423808, 5.89790868543";"73";"73328";"Viviers-du-Lac";"20";"82";"NaN"
"2005";"46.0728257803, 6.33057376854";"74";"74007";"Amancy";"19";"82";"NaN"
"2011";"46.0728347147, 3.3660599245";"03";"03044";"Brugheas";"11";"83";"NaN"
"2006";"45.9440370403, 6.08226977374";"74";"74112";"Épagny";"56";"82";"NaN"
"2006";"46.1257380444, 3.00492464249";"03";"03078";"Chouvigny";"1";"83";"NaN"
"2009";"46.2802184824, 6.303990007939999";"74";"74150";"Loisin";"9";"82";"NaN"
"2009";"43.9462808705, 6.37811558709";"04";"04022";"Barrême";"5";"93";"NaN"
"2008";"43.4509092165, 0.342166624419999";"32";"32034";"Bazugues";"1";"73";"NaN"
"2007";"48.2383164259, 0.857009664222";"28";"28111";"Coudray-au-Perche";"4";"24";"NaN"
"2004";"49.5182833727, 3.86386406835";"02";"02676";"Saint-Erme-Outre-et-Ramecourt";"22";"22";"NaN"
"2007";"43.5243197387, 0.760359973861";"32";"32412";"Saramon";"6";"73";"NaN"
"2009";"46.6180197037, 3.1488427846600002";"03";"03002";"Agonges";"1";"83";"NaN"
"2009";"43.4249087979, 2.00114634186";"31";"31569";"Vaudreuille";"7";"73";"NaN"
"2012";"43.687178893, 7.32993632437";"06";"06121";"Saint-Jean-Cap-Ferrat";"4";"93";"NaN"
"2006";"47.1429694401, -1.7140364404000001";"44";"44171";"Saint-Léger-les-Vignes";"21";"52";"NaN"
"2003";"44.4123532588, 4.33204376099";"07";"07306";"Sampzon";"3";"82";"NaN"
"2005";"45.2332759866, 3.94803768811";"43";"43164";"Roche-en-Régnier";"2";"83";"NaN"
"2005";"45.026338574, 4.59724737009";"07";"07085";"Empurany";"4";"82";"NaN"
"2010";"47.1293076835, -1.27378859416";"44";"44108";"Mouzillon";"57";"52";"NaN"
"2006";"44.5838170428, 5.96045927972";"05";"05123";"La Roche-des-Arnauds";"22";"93";"NaN"
"2013";"48.089137016, 3.83985245464";"10";"10422";"Villeneuve-au-Chemin";"2";"21";"NaN"
"2010";"49.5495309711, 4.92206804747";"08";"08430";"Stonne";"0";"21";"NaN"
"2012";"49.25086166, -0.398796097225";"14";"14015";"Anisy";"6";"25";"NaN"
"2005";"49.2067455591, -0.13500245142199901";"14";"14045";"Basseneville";"3";"25";"NaN"
"2006";"48.3240677989, 1.19980049404";"28";"28336";"Saint-Éman";"3";"24";"NaN"
"2008";"47.9011298028, 0.682806358799";"72";"72272";"Sainte-Cérotte";"5";"52";"NaN"
"2007";"48.8211507511, -1.10018701267";"14";"14279";"Fontenermont";"1";"25";"NaN"
"2008";"49.2030787417, 0.135813686591";"14";"14280";"Formentin";"1";"25";"NaN"
"2010";"48.1134838252, 1.44167207684";"28";"28106";"Conie-Molitard";"5";"24";"NaN"
"2010";"44.4471578876, 2.44255701566";"12";"12288";"Valady";"14";"73";"NaN"
"2007";"45.5341655971, 6.21788663815";"73";"73069";"Chamoux-sur-Gelon";"10";"82";"NaN"
"2003";"47.6576802483, -1.67772975598";"44";"44051";"Derval";"34";"52";"NaN"
"2008";"46.1201543813, -0.273287814164";"79";"79348";"Villefollet";"0";"54";"NaN"
"2006";"43.50398297, 4.46396357194";"13";"13096";"Saintes-Maries-de-la-Mer";"27";"93";"NaN"
"2013";"46.2924246809, -0.51369379312";"79";"79034";"Bessines";"22";"54";"NaN"
"2006";"46.2516533293, 2.28716245928";"23";"23026";"Bord-Saint-Georges";"4";"74";"NaN"
"2008";"46.1263946231, -0.326929907334";"79";"79055";"Brieuil-sur-Chizé";"1";"54";"NaN"
"2004";"45.963784452, 2.46736302039";"23";"23055";"Châtelard";"0";"74";"NaN"
"2007";"44.828046683, 1.07371384285";"24";"24006";"Allas-les-Mines";"1";"72";"NaN"
"2011";"45.1259127487, 5.70193593188";"38";"38317";"Le Pont-de-Claix";"170";"82";"NaN"
"2009";"48.5303656854, -2.98952865818";"22";"22206";"Plouagat";"25";"53";"NaN"
"2003";"49.5222569394, 1.84463132714";"60";"60699";"Wambez";"3";"22";"NaN"
"2007";"49.0637803383, 0.662870377669";"27";"27523";"Saint-Clair-d'Arcey";"2";"23";"NaN"
"2008";"48.8842457581, 0.0335930186845";"61";"61291";"Montreuil-la-Cambe";"3";"25";"NaN"
"2007";"48.2518845768, 1.1688416202";"28";"28272";"Mottereau";"1";"24";"NaN"
"2003";"50.0297720966, 3.29193521329";"59";"59624";"Villers-Outréaux";"26";"31";"NaN"
"2009";"48.4458871543, 1.3658542518";"28";"28100";"Cintray";"4";"24";"NaN"
"2008";"50.339831062, 4.01339230045";"59";"59627";"Villers-Sire-Nicole";"12";"31";"NaN"
"2009";"48.2244450667, 1.10899937921";"28";"28123";"Dampierre-sous-Brou";"5";"24";"NaN"
"2007";"50.0758341626, 3.23349040866";"59";"59517";"Les Rues-des-Vignes";"11";"31";"NaN"
"2004";"43.9210570231, 3.50734376894";"30";"30040";"Blandas";"0";"91";"NaN"
"2010";"50.8214340622, 2.58556642469";"59";"59580";"Steenvoorde";"54";"31";"NaN"
"2010";"47.6356797971, 6.34783020976";"70";"70303";"Liévans";"1";"43";"NaN"
"2008";"50.3091545259, 3.02186108116";"62";"62627";"Noyelles-sous-Bellonne";"11";"31";"NaN"
"2013";"45.6247829418, 4.75036810523";"69";"69136";"Montagny";"31";"82";"NaN"
"2008";"50.249116803, 2.72419041642";"62";"62869";"Wailly";"11";"31";"NaN"
"2009";"46.6645308499, 3.91335098661";"71";"71227";"Grury";"4";"26";"NaN"
"2007";"46.2002650376, 2.74850375721";"63";"63011";"Ars-les-Favets";"3";"83";"NaN"
"2005";"47.9241751204, 6.58996774592";"70";"70352";"La Montagne";"0";"43";"NaN"
"2008";"45.8274618701, 3.07331572461";"63";"63042";"Blanzat";"35";"83";"NaN"
"2011";"50.6449906532, 1.97365993925";"62";"62495";"Ledinghem";"4";"31";"NaN"
"2011";"50.1869678717, 1.72060860177";"80";"80600";"Noyelles-sur-Mer";"14";"22";"NaN"
"2013";"50.2775872362, 2.01380158526";"62";"62822";"Tollent";"1";"31";"NaN"
"2006";"43.7287344791, 1.83182396743";"81";"81011";"Ambres";"11";"73";"NaN"
"2013";"49.8238384226, 3.0324181792";"80";"80658";"Quivières";"4";"22";"NaN"
"2009";"50.2910559245, 2.95821572161";"62";"62405";"Hamblain-les-Prés";"10";"31";"NaN"
"2009";"43.8582952155, 2.10793696053";"81";"81211";"Poulan-Pouzols";"4";"73";"NaN"
"2010";"50.0122641772, 1.98145875228";"80";"80488";"Longpré-les-Corps-Saints";"23";"22";"NaN"
"2005";"47.5598733177, 7.31658096209";"68";"68240";"Oberdorf";"3";"42";"NaN"
"2006";"49.8310377933, 2.86663557413";"80";"80509";"Marchélepot";"3";"22";"NaN"
"2008";"48.1008840089, 7.46904401123";"68";"68227";"Muntzenheim";"16";"42";"NaN"
"2004";"49.9467142291, 1.41986298545";"76";"76671";"Sept-Meules";"2";"23";"NaN"
"2010";"47.8815041686, 6.20949435555";"70";"70023";"Anjeux";"3";"43";"NaN"
"2011";"49.6220862325, 0.961800445083";"76";"76234";"Émanville";"5";"23";"NaN"
"2009";"48.9247152564, 2.953840656529999";"77";"77408";"Saint-Fiacre";"5";"11";"NaN"
"2010";"49.8584810142, 0.983755211163";"76";"76004";"Ambrumesnil";"5";"23";"NaN"
"2005";"49.7327387861, 0.598993581488";"76";"76490";"Ourville-en-Caux";"14";"23";"NaN"
"2006";"44.3776230906, 4.80624945597";"26";"26093";"Clansayes";"5";"82";"NaN"
"2009";"49.5338000532, 1.00170847725";"76";"76503";"Pissy-Pôville";"7";"23";"NaN"
"2006";"47.3899184482, 6.26250218169";"25";"25506";"Rougemontot";"0";"43";"NaN"
"2003";"49.7452374787, 0.643304678404999";"76";"76315";"Grainville-la-Teinturière";"7";"23";"NaN"
"2005";"49.5254991004, 1.04877574012";"76";"76402";"Malaunay";"69";"23";"NaN"
"2009";"47.1455882714, 6.04310785947";"25";"25406";"Montrond-le-Château";"4";"43";"NaN"
"2009";"49.6722952773, 0.595727361653";"76";"76607";"Sainte-Marguerite-sur-Fauville";"3";"23";"NaN"
"2011";"49.0197034176, 0.610824280405";"27";"27356";"Jonquerets-de-Livet";"3";"23";"NaN"
"2003";"49.6462799246, 1.3613271065700001";"76";"76461";"Neufbosc";"7";"23";"NaN"
"2005";"49.1018758441, 0.622134982943999";"27";"27398";"Menneval";"10";"23";"NaN"
"2005";"49.3291573194, 1.55624296003";"27";"27437";"Nojeon-en-Vexin";"3";"23";"NaN"
"2005";"50.2889516363, 3.6151652439";"59";"59626";"Villers-Pol";"9";"31";"NaN"
"2011";"48.9972098271, 0.672626255953999";"27";"27513";"Saint-Aubin-des-Hayes";"3";"23";"NaN"
"2008";"49.6064297043, 1.864178798929999";"60";"60571";"Saint-Deniscourt";"0";"22";"NaN"
"2006";"49.2422112638, 1.21540763977";"27";"27537";"Saint-Étienne-du-Vauvray";"8";"23";"NaN"
"2013";"50.780208006, 2.515896365509999";"59";"59536";"Sainte-Marie-Cappel";"11";"31";"NaN"
"2013";"49.0138196072, 1.4516673175200001";"27";"27136";"Chaignes";"6";"23";"NaN"
"2011";"42.8320053922, 0.016390678032200002";"65";"65295";"Luz-Saint-Sauveur";"11";"73";"NaN"
"2004";"49.0485570128, 1.01887133225";"27";"27161";"Claville";"8";"23";"NaN"
"2008";"44.8507243693, 3.951290692139999";"43";"43263";"Vielprat";"0";"83";"NaN"
"2012";"43.4844581655, 0.462191038357";"32";"32394";"Saint-Médard";"5";"73";"NaN"
"2004";"43.4569328563, 0.436935279711";"32";"32042";"Belloc-Saint-Clamens";"0";"73";"NaN"
"2003";"43.4423096627, -0.514147087954";"64";"64144";"Boumourt";"0";"72";"NaN"
"2013";"43.4636060332, 0.245133551575";"32";"32275";"Monpardiac";"0";"73";"NaN"
"2009";"43.3749892489, -1.66133753626";"64";"64189";"Ciboure";"47";"72";"NaN"
"2003";"43.8996297752, 0.306322638694";"32";"32292";"Mouchan";"4";"73";"NaN"
"2007";"43.6034958124, 0.526620389373";"32";"32200";"Lasséran";"3";"73";"NaN"
"2006";"44.6417575332, 3.10788054889";"48";"48091";"Marchastel";"1";"91";"NaN"
"2009";"45.3199496154, 4.89224793347";"38";"38051";"Bougé-Chambalud";"17";"82";"NaN"
"2008";"43.401807303, -1.4751898518";"64";"64547";"Ustaritz";"59";"72";"NaN"
"2011";"44.8410265089, 5.93082364878";"38";"38132";"Les Côtes-de-Corps";"0";"82";"NaN"
"2009";"47.4614234865, -0.0676198362625";"49";"49171";"La Lande-Chasles";"0";"52";"NaN"
"2009";"45.3908938983, 4.98729399155";"38";"38240";"Moissieu-sur-Dolon";"12";"82";"NaN"
"2003";"43.3124691316, 0.159501219686";"65";"65430";"Soréac";"0";"73";"NaN"
"2006";"43.6715162078, 7.15275703379";"06";"06027";"Cagnes-sur-Mer";"538";"93";"NaN"
"2006";"44.5962932231, 0.277882299934";"47";"47047";"Cambes";"0";"72";"NaN"
"2011";"42.9934213357, -0.0313550215399";"65";"65467";"Vier-Bordes";"3";"73";"NaN"
"2008";"46.0252722149, 3.48652009889";"03";"03163";"Mariol";"6";"83";"NaN"
"2004";"44.1249777837, 3.93832235648";"30";"30168";"Mialet";"5";"91";"NaN"
"2007";"44.5556949894, 6.43667418858";"05";"05111";"Puy-Sanières";"1";"93";"NaN"
"2005";"48.7987678214, 7.08515641917";"67";"67159";"Goerlingen";"1";"42";"NaN"
"2007";"47.2459736126, 0.109159987827";"37";"37074";"Chouzé-sur-Loire";"16";"24";"NaN"
"2009";"49.642621281, -1.765034690659999";"50";"50460";"Sainte-Croix-Hague";"6";"25";"NaN"
"2006";"47.2111243782, 0.130191774161";"37";"37242";"Savigny-en-Véron";"23";"24";"NaN"
"2008";"44.4904680879, 3.58785456631";"48";"48081";"Lanuéjols";"2";"91";"NaN"
"2012";"44.7690427693, 5.92456495865";"38";"38241";"Monestier-d'Ambel";"0";"82";"NaN"
"2009";"47.8850612988, 5.99402771513";"70";"70399";"Ormoy";"4";"43";"NaN"
"2004";"45.462997823, 5.11493429723";"38";"38555";"Villeneuve-de-Marc";"18";"82";"NaN"
"2006";"47.7411367393, 6.09066624014";"70";"70236";"Fleurey-lès-Faverney";"11";"43";"NaN"
"2013";"46.4000913267, 5.58894022336";"39";"39016";"Arinthod";"8";"43";"NaN"
"2005";"47.4928980658, 5.57884831818";"70";"70132";"Chargey-lès-Gray";"6";"43";"NaN"
"2009";"49.3375063908, -1.49183766292";"50";"50617";"Varenguebec";"3";"25";"NaN"
"2010";"48.4008313761, 5.13453844457";"52";"52212";"Fronville";"4";"21";"NaN"
"2008";"48.0280199419, 5.28378758426";"52";"52295";"Louvières";"0";"21";"NaN"
"2012";"48.1506188794, 7.31071233803";"68";"68209";"Mittelwihr";"8";"42";"NaN"
"2012";"47.7174045888, 5.67295513235";"52";"52546";"Voncourt";"0";"21";"NaN"
"2005";"45.1910839451, 5.3972824821";"38";"38033";"Beaulieu";"7";"82";"NaN"
"2003";"49.0129643499, 3.89876523906";"51";"51643";"Vinay";"2";"21";"NaN"
"2005";"48.6319604008, 6.5476895613899995";"54";"54507";"Sionviller";"0";"41";"NaN"
"2006";"48.987570023399996, 4.00091885006";"51";"51196";"Cramant";"9";"21";"NaN"
"2003";"48.482398086, -0.291375085093";"53";"53080";"Couptrain";"3";"52";"NaN"
"2005";"48.4607558773, 6.8136260434";"54";"54560";"Veney";"0";"41";"NaN"
"2004";"48.013438147, -0.816955445143";"53";"53157";"Montigné-le-Brillant";"20";"52";"NaN"
"2006";"49.0338833425, 5.70380804793";"55";"55021";"Avillers-Sainte-Croix";"0";"41";"NaN"
"2003";"50.180651266, 3.83355819928";"59";"59344";"Leval";"22";"31";"NaN"
"2012";"47.7940076851, -3.49161886127";"56";"56078";"Guidel";"118";"53";"NaN"
"2003";"50.1280580168, 3.83650655237";"59";"59374";"Marbaix";"5";"31";"NaN"
"2004";"47.5990510677, 6.0303617469";"70";"70158";"Clans";"2";"43";"NaN"
"2012";"50.6652328405, 2.66524376956";"59";"59423";"Neuf-Berquin";"15";"31";"NaN"
"2009";"48.9015745099, -0.730242243885";"14";"14253";"Estry";"8";"25";"NaN"
"2013";"50.2043374368, 3.35238504979";"59";"59502";"Rieux-en-Cambrésis";"18";"31";"NaN"
"2009";"49.248503127, 3.76445343326";"51";"51534";"Serzy-et-Prin";"2";"21";"NaN"
"2005";"50.4858024683, 3.47414949128";"59";"59144";"Château-l'Abbaye";"12";"31";"NaN"
"2013";"49.2048611738, 3.937660338129999";"51";"51622";"Ville-Dommange";"2";"21";"NaN"
"2011";"48.7894502958, -0.322793882131";"61";"61364";"Saint-Aubert-sur-Orne";"0";"25";"NaN"
"2004";"48.7163058306, 4.75359455149";"51";"51284";"Haussignémont";"8";"21";"NaN"
"2003";"49.1303077225, 3.77691947684";"51";"51201";"Cuisles";"NaN";"21";"NaN"
"2008";"49.568875217, 2.6728130469";"60";"60434";"Mortemer";"1";"22";"NaN"
"2003";"48.6892208397, 5.73298818244";"55";"55398";"Pagny-sur-Meuse";"5";"41";"NaN"
"2011";"46.1414668676, 2.35456258635";"23";"23251";"Tardes";"3";"74";"NaN"
"2013";"48.5279445985, -0.36392452272";"61";"61004";"Antoigny";"2";"25";"NaN"
"2008";"49.2717748239, 3.70869393616";"51";"51194";"Courville";"7";"21";"NaN"
"2011";"48.9156193104, 0.309566800591";"61";"61054";"Le Bosc-Renoult";"5";"25";"NaN"
"2011";"48.5598653758, 4.74815226277";"51";"51269";"Giffaumont-Champaubert";"2";"21";"NaN"
"2012";"48.4923765397, 5.066636417";"52";"52302";"Maizières";"4";"21";"NaN"
"2013";"48.7905539735, -0.178098224902";"61";"61199";"Habloville";"3";"25";"NaN"
"2004";"49.2008681775, 4.11546356735";"51";"51450";"Puisieulx";"2";"21";"NaN"
"2009";"48.4933130424, 0.166961596924";"61";"61224";"Larré";"4";"25";"NaN"
"2005";"49.1069746679, 3.98465817198";"51";"51488";"Saint-Imoges";"1";"21";"NaN"
"2012";"44.1299391525, 6.37179977607";"04";"04072";"Draix";"1";"93";"NaN"
"2011";"47.9037279897, 5.30437368964";"52";"52246";"Humes-Jorquenay";"7";"21";"NaN"
"2006";"46.0632245634, 3.79460612214";"03";"03248";"Saint-Nicolas-des-Biefs";"1";"83";"NaN"
"2012";"48.69506554, 3.65422262759";"51";"51360";"Le Meix-Saint-Epoing";"0";"21";"NaN"
"2006";"44.6342790978, 6.10886829684";"05";"05148";"Saint-Laurent-du-Cros";"5";"93";"NaN"
"2009";"48.8957853925, 4.39011051994";"51";"51538";"Sogny-aux-Moulins";"0";"21";"NaN"
"2008";"43.0299409472, 2.66938593164";"11";"11386";"Talairan";"5";"91";"NaN"
"2011";"49.0293633724, 4.63078861218";"51";"51572";"Tilloy-et-Bellay";"3";"21";"NaN"
"2012";"49.2141375647, 5.91990455999";"54";"54542";"Valleroy";"24";"41";"NaN"
"2005";"44.4799129535, 2.39660455917";"12";"12215";"Saint-Christophe-Vallon";"18";"73";"NaN"
"2005";"49.3473076426, 5.79949172398";"54";"54436";"Preutin-Higny";"2";"41";"NaN"
"2009";"44.4437884405, 2.5250957268";"12";"12254";"Salles-la-Source";"20";"73";"NaN"
"2010";"49.4374801225, 5.37609892461";"55";"55425";"Remoiville";"0";"41";"NaN"
"2008";"43.0818910359, 2.05925585786";"11";"11247";"Monthaut";"0";"91";"NaN"
"2012";"48.7799328844, 5.70340084835";"55";"55258";"Geville";"10";"41";"NaN"
"2007";"43.7649625087, 2.94838918036";"12";"12039";"Brusque";"1";"73";"NaN"
"2013";"49.4590327609, 2.214135215119999";"60";"60251";"Fouquerolles";"3";"22";"NaN"
"2012";"45.6731732382, 3.16405079473";"63";"63455";"Veyre-Monton";"41";"83";"NaN"
"2009";"49.2671813698, -0.516107321362";"14";"14355";"Lantheuil";"8";"25";"NaN"
"2010";"44.9006929748, -0.386356667148";"33";"33483";"Saint-Sulpice-et-Cameyrac";"43";"72";"NaN"
"2012";"43.3803202017, 3.26313194789";"34";"34037";"Boujan-sur-Libron";"37";"91";"NaN"
"2006";"43.8053410404, 4.9488694514";"13";"13064";"Mollégès";"30";"93";"NaN"
"2004";"48.4131956969, -1.14760395074";"35";"35142";"Landéan";"15";"53";"NaN"
"2013";"43.411551859, 5.43796924424";"13";"13107";"Simiane-Collongue";"64";"93";"NaN"
"2009";"48.5755697077, -2.01309736708";"35";"35181";"Le Minihic-sur-Rance";"13";"53";"NaN"
"2006";"48.8516569717, -0.222722260887999";"14";"14180";"Cordey";"1";"25";"NaN"
"2009";"43.6608409227, 3.468896426379999";"34";"34254";"Saint-Félix-de-Lodez";"6";"91";"NaN"
"2005";"48.8324042173, -1.1311665271";"14";"14559";"Saint-Aubin-des-Bois";"3";"25";"NaN"
"2009";"46.6419396973, 5.54481097353";"39";"39306";"Macornay";"8";"43";"NaN"
"2004";"44.070391573, 4.04387785111";"30";"30027";"Bagard";"22";"91";"NaN"
"2012";"43.9938436911, 4.17905217935";"30";"30046";"Boucoiran-et-Nozières";"15";"91";"NaN"
"2010";"46.607697996, 5.9065568623899996";"39";"39131";"La Chaux-du-Dombief";"6";"43";"NaN"
"2009";"43.946680289, 4.75255256222";"30";"30011";"Les Angles";"95";"91";"NaN"
"2011";"45.2063585184, 5.93278209691";"38";"38430";"Saint-Mury-Monteymond";"3";"82";"NaN"
"2012";"43.1465237831, 0.899110471667";"31";"31018";"Arnaud-Guilhem";"1";"73";"NaN"
"2011";"43.4727663351, 1.55123674393";"31";"31162";"Donneville";"11";"73";"NaN"
"2005";"43.0532848166, 0.746258275934";"31";"31167";"Encausse-les-Thermes";"3";"73";"NaN"
"2009";"43.94623194, 4.2131714959";"30";"30255";"Saint-Geniès-de-Malgoirès";"41";"91";"NaN"
"2012";"49.3112137886, 4.24950510453";"51";"51505";"Saint-Masmes";"2";"21";"NaN"
"2004";"44.8819813908, 5.74254288729";"38";"38361";"Saint-Arey";"0";"82";"NaN"
"2007";"48.6055592946, 3.68625302626";"51";"51103";"La Celle-sous-Chantemerle";"3";"21";"NaN"
"2008";"49.2683371756, 3.95843961351";"51";"51118";"Champigny";"18";"21";"NaN"
"2007";"45.1107801226, 3.85037132513";"43";"43030";"Blanzac";"2";"83";"NaN"
"2005";"48.6098773154, 4.58918617422";"51";"51270";"Gigny-Bussy";"2";"21";"NaN"
"2007";"44.8933556241, 3.92125459334";"43";"43101";"Goudet";"1";"83";"NaN"
"2009";"48.6620436629, 3.84731315305";"51";"51351";"Marigny";"0";"21";"NaN"
"2009";"45.3603739622, 4.56046533126";"42";"42101";"Graix";"1";"82";"NaN"
"2009";"49.12412458, 4.7940542532";"51";"51213";"Dommartin-sous-Hans";"2";"21";"NaN"
"2008";"49.5367201607, 2.67457954002";"60";"60351";"Lataule";"2";"22";"NaN"
"2004";"49.5367201607, 2.67457954002";"60";"60351";"Lataule";"0";"22";"NaN"
"2008";"49.5932820021, 1.739605828639999";"60";"60596";"Saint-Samson-la-Poterie";"5";"22";"NaN"
"2013";"48.7951982952, -0.509617196105";"61";"61007";"Athis-de-l'Orne";"30";"25";"NaN"
"2007";"49.4123694145, 2.49005189932";"60";"60568";"Saint-Aubin-sous-Erquery";"0";"22";"NaN"
"2007";"49.5554230001, 2.55108811608";"60";"60158";"Coivrel";"3";"22";"NaN"
"2008";"49.5738621459, 2.4192438931";"60";"60268";"Gannes";"2";"22";"NaN"
"2012";"49.4793368724, 2.88124505032";"60";"60636";"Thourotte";"57";"22";"NaN"
"2013";"49.3813474009, 2.08360584323";"60";"60264";"Frocourt";"3";"22";"NaN"
"2010";"49.5909803966, 2.68189967625";"60";"60294";"Hainvillers";"0";"22";"NaN"
"2003";"49.4006526373, 1.832219102129999";"60";"60164";"Le Coudray-Saint-Germer";"12";"22";"NaN"
"2010";"49.256896611, 3.00864189174";"60";"60672";"Vez";"3";"22";"NaN"
"2006";"49.256896611, 3.00864189174";"60";"60672";"Vez";"4";"22";"NaN"
"2003";"48.6593283518, 7.83143435964";"67";"67519";"La Wantzenau";"57";"42";"NaN"
"2009";"48.0034942953, 7.54980840525";"68";"68001";"Algolsheim";"13";"42";"NaN"
"2007";"47.9624598517, 7.36950245681";"68";"68037";"Biltzheim";"4";"42";"NaN"
"2011";"47.5041559244, 7.34056015721";"68";"68049";"Bouxwiller";"6";"42";"NaN"
"2006";"48.3498144162, 7.28574653524";"67";"67426";"Saint-Martin";"4";"42";"NaN"
"2009";"48.7149255569, 7.41004083904";"67";"67459";"Schwenheim";"8";"42";"NaN"
"2013";"48.765401982, 7.60282147839";"67";"67460";"Schwindratzheim";"15";"42";"NaN"
"2008";"42.5501690702, 2.92022187545";"66";"66175";"Saint-Génis-des-Fontaines";"20";"91";"NaN"
"2011";"42.5862325168, 2.86488169804";"66";"66177";"Saint-Jean-Lasseille";"27";"91";"NaN"
"2013";"42.7853593201, 2.47859695441";"66";"66184";"Saint-Martin";"0";"91";"NaN"
"2011";"47.7664940616, 7.15106009452";"68";"68011";"Aspach-le-Bas";"9";"42";"NaN"
"2009";"47.7303686417, 0.582042206339";"72";"72068";"La Chartre-sur-le-Loir";"13";"52";"NaN"
"2012";"46.4923491806, 4.58507876006";"71";"71587";"Vitry-lès-Cluny";"1";"26";"NaN"
"2007";"46.8775473373, 4.60138308306";"71";"71464";"Saint-Maurice-lès-Couches";"2";"26";"NaN"
"2011";"46.6559200534, 4.6747729184699995";"71";"71503";"Saules";"3";"26";"NaN"
"2004";"46.4713429723, 4.8783736486";"71";"71305";"Montbellet";"15";"26";"NaN"
"2005";"46.8638075135, 5.38060673295";"71";"71326";"Mouthier-en-Bresse";"1";"26";"NaN"
"2009";"50.6441641115, 2.39533267946";"62";"62014";"Aire-sur-la-Lys";"132";"31";"NaN"
"2003";"50.3178758623, 2.74105063372";"62";"62037";"Anzin-Saint-Aubin";"34";"31";"NaN"
"2010";"50.4917667023, 1.755102239819999";"62";"62044";"Attin";"11";"31";"NaN"
"2012";"50.2507335159, 2.893018774309999";"62";"62392";"Guémappe";"5";"31";"NaN"
"2013";"50.1833996066, 2.80226363556";"62";"62406";"Hamelincourt";"2";"31";"NaN"
"2004";"50.7636525295, 1.89780581848";"62";"62432";"Herbinghen";"6";"31";"NaN"
"2010";"48.7842951211, -0.263127598038";"61";"61354";"Les Rotours";"2";"25";"NaN"
"2005";"50.5575500609, 2.14482012062";"62";"62565";"Mencas";"1";"31";"NaN"
"2012";"50.7417350163, 1.86256483299";"62";"62599";"Nabringhen";"2";"31";"NaN"
"2013";"50.3077191679, 2.286789043219999";"62";"62631";"Nuncq-Hautecôte";"4";"31";"NaN"
"2013";"45.745518501, 2.87011507295";"63";"63257";"Olby";"16";"83";"NaN"
"2013";"44.7130267691, -0.217710701052";"33";"33292";"Montignac";"1";"72";"NaN"
"2007";"44.754520164, -1.08109347037";"33";"33005";"Andernos-les-Bains";"79";"72";"NaN"
"2003";"44.8193051355, -0.410997563502";"33";"33061";"Bonnetan";"12";"72";"NaN"
"2004";"45.7137644349, 3.13804954458";"63";"63302";"La Roche-Blanche";"27";"83";"NaN"
"2004";"48.7513681905, 3.26256489697";"77";"77097";"Chartronges";"1";"11";"NaN"
"2003";"44.5235838442, 3.13204161699";"48";"48073";"Les Hermaux";"0";"91";"NaN"
"2007";"49.4585668505, 0.625051868596";"76";"76622";"Saint-Maurice-d'Ételan";"1";"23";"NaN"
"2008";"44.8126363545, 3.2751576154";"48";"48140";"Saint-Chély-d'Apcher";"40";"91";"NaN"
"2005";"48.9501046061, 0.531514828879";"27";"27505";"Saint-Agnan-de-Cernières";"1";"23";"NaN"
"2005";"48.8295332796, 0.662693828241";"27";"27508";"Saint-Antonin-de-Sommaire";"0";"23";"NaN"
"2010";"44.4738657983, 0.467367146854";"47";"47071";"Coulx";"2";"72";"NaN"
"2009";"49.2251680221, 0.560341025425";"27";"27551";"Saint-Jean-de-la-Léqueraye";"0";"23";"NaN"
"2008";"48.3043561656, 1.47797333912";"28";"28162";"Fresnay-le-Comte";"5";"24";"NaN"
"2008";"49.9049407174, 3.07066226495";"80";"80413";"Hancourt";"1";"22";"NaN"
"2006";"48.7781253842, 1.32569756656";"27";"27423";"Muzy";"10";"23";"NaN"
"2005";"50.0441508716, 2.857441246959999";"80";"80472";"Lesboeufs";"3";"22";"NaN"
"2004";"49.0036162938, 1.21290711297";"27";"27684";"Le Vieil-Évreux";"9";"23";"NaN"
"2010";"49.9709493809, 2.20409804378";"80";"80722";"Saint-Vaast-en-Chaussée";"6";"22";"NaN"
"2006";"49.8961064636, 2.20932519977";"80";"80730";"Saveuse";"4";"22";"NaN"
"2007";"50.3984333716, 2.43602889753";"62";"62580";"Monchy-Breton";"5";"31";"NaN"
"2003";"47.7338101776, -1.8052140064";"35";"35249";"Sainte-Anne-sur-Vilaine";"14";"53";"NaN"
"2009";"43.8719884875, 1.09282788935";"82";"82043";"Comberouger";"4";"73";"NaN"
"2010";"43.4493841395, 2.67914780973";"34";"34331";"Verreries-de-Moussans";"1";"91";"NaN"
"2006";"50.0398514949, 2.09051285594";"80";"80795";"Ville-le-Marclet";"6";"22";"NaN"
"2005";"47.9198730267, -2.19384701914";"56";"56180";"Porcaro";"11";"53";"NaN"
"2006";"50.1302872079, 2.27525304662";"80";"80491";"Longuevillette";"0";"22";"NaN"
"2004";"48.0894729078, -2.74289349801";"56";"56198";"Rohan";"19";"53";"NaN"
"2007";"43.7157423488, 6.20204455595";"83";"83015";"Bauduen";"1";"93";"NaN"
"2004";"47.5878387262, -3.00101980446";"56";"56233";"Saint-Philibert";"13";"53";"NaN"
"2010";"46.4496842668, -1.27114022202";"85";"85117";"Lairoux";"7";"52";"NaN"
"2006";"49.234262174, 5.2679113417";"55";"55139";"Cumières-le-Mort-Homme";"0";"41";"NaN"
"2003";"44.1374624096, 5.23446005284";"84";"84017";"Bédoin";"19";"93";"NaN"
"2006";"47.9957150402, 7.25987167223";"68";"68255";"Pfaffenheim";"13";"42";"NaN"
"2011";"46.9086155426, -2.06349351302";"85";"85018";"Beauvoir-sur-Mer";"22";"52";"NaN"
"2008";"47.5583266561, 7.34658107092";"68";"68325";"Steinsoultz";"8";"42";"NaN"
"2005";"46.3870241748, 1.09004082103";"86";"86037";"Brigueil-le-Chantre";"5";"54";"NaN"
"2006";"48.1109299734, 7.4394034579";"68";"68366";"Wickerschwihr";"7";"42";"NaN"
"2006";"48.940158615, 3.10627084315";"77";"77448";"Sept-Sorts";"6";"11";"NaN"
"2006";"48.7338365703, 7.55662870926";"67";"67439";"Schaffhouse-sur-Zorn";"4";"42";"NaN"
"2013";"48.8331353956, 1.665230676839999";"78";"78605";"Tacoignières";"6";"11";"NaN"
"2011";"48.9644209228, 7.99028108589";"67";"67351";"Seebach";"12";"42";"NaN"
"2008";"48.6812171201, 3.01742252986";"77";"77527";"Voinsles";"6";"11";"NaN"
"2011";"48.6821850405, 7.40817008946";"67";"67395";"Reutenbourg";"3";"42";"NaN"
"2013";"48.6739368242, 2.01450641994";"78";"78162";"Choisel";"2";"11";"NaN"
"2012";"47.9254894792, 7.09657685658";"68";"68178";"Lautenbachzell";"7";"42";"NaN"
"2006";"49.0298577394, 1.897974469639999";"78";"78261";"Gaillon-sur-Montcient";"6";"11";"NaN"
"2010";"48.3993237404, 2.26344473532";"91";"91508";"Puiselet-le-Marais";"4";"11";"NaN"
"2007";"48.9042583015, 1.55787016876";"78";"78413";"Mondreville";"6";"11";"NaN"
"2013";"16.033779046, -61.690101603";"971";"97124";"Saint-Claude";"104";"01";"NaN"
"2007";"48.3894152157, 3.3448043159";"77";"77015";"Baby";"1";"11";"NaN"
"2005";"49.0903513665, 2.276250103349999";"95";"95445";"Nerville-la-Forêt";"7";"11";"NaN"
"2013";"43.1823198948, -0.294968827477";"64";"64054";"Arros-de-Nay";"6";"72";"NaN"
"2006";"48.5149487002, -0.485029798728";"61";"61186";"Geneslay";"4";"25";"NaN"
"2012";"42.9775013643, 0.559652236891";"65";"65109";"Bramevaque";"0";"73";"NaN"
"2005";"48.8496427055, -0.048044268776500004";"61";"61276";"Merri";"2";"25";"NaN"
"2013";"48.5377213582, 0.890835379676";"61";"61305";"Neuilly-sur-Eure";"2";"25";"NaN"
"2009";"48.5882941085, 7.51624848746";"67";"67081";"Dahlenheim";"12";"42";"NaN"
"2010";"50.516650369, 2.49540704274";"62";"62532";"Lozinghem";"16";"31";"NaN"
"2011";"48.5058373844, 7.36568374858";"67";"67299";"Mollkirch";"15";"42";"NaN"
"2007";"45.9472669174, 6.14837081563";"74";"74019";"Argonay";"15";"82";"NaN"
"2009";"48.7179109039, 7.61255044735";"67";"67207";"Hohatzenheim";"2";"42";"NaN"
"2005";"45.4592334902, 6.11216246274";"73";"73215";"La Rochette";"37";"82";"NaN"
"2011";"44.1085463735, 1.806597706479999";"81";"81265";"Saint-Michel-de-Vax";"0";"73";"NaN"
"2009";"45.6680498711, 4.90843949215";"69";"69273";"Corbas";"119";"82";"NaN"
"2013";"45.8321615079, 4.50376874726";"69";"69008";"Ancy";"10";"82";"NaN"
"2013";"43.4110858173, 2.07834620707";"81";"81055";"Les Cammazes";"2";"73";"NaN"
"2008";"48.2472141611, 7.35466655979";"67";"67362";"Orschwiller";"10";"42";"NaN"
"2012";"43.7035520107, 6.50293185659";"83";"83044";"Comps-sur-Artuby";"4";"93";"NaN"
"2006";"48.8085682655, 7.95676945015";"67";"67472";"Soufflenheim";"49";"42";"NaN"
"2012";"44.0227123316, 1.04707174068";"82";"82031";"Castelmayran";"18";"73";"NaN"
"2008";"49.2572362947, 5.04141957375";"55";"55103";"Charpentry";"0";"41";"NaN"
"2005";"43.9126951654, 1.21926326685";"82";"82062";"Finhan";"19";"73";"NaN"
"2003";"49.394776752, 5.26819381857";"55";"55365";"Murvaux";"1";"41";"NaN"
"2011";"43.9080851557, 1.609431042659999";"81";"81178";"Montgaillard";"9";"73";"NaN"
"2003";"48.5374465111, 5.73922302223";"55";"55397";"Pagny-la-Blanche-Côte";"4";"41";"NaN"
"2004";"43.538512955, 2.34476965371";"81";"81204";"Payrin-Augmontel";"20";"73";"NaN"
"2012";"42.3108287185, 9.43462429228";"2B";"2B194";"Ortale";"0";"94";"NaN"
"2006";"48.4934294526, 6.51089844698";"54";"54222";"Gerbéviller";"8";"41";"NaN"
"2013";"43.4249087979, 2.00114634186";"31";"31569";"Vaudreuille";"4";"73";"NaN"
"2013";"49.14033599, 2.90001405815";"60";"60683";"Villers-Saint-Genest";"4";"22";"NaN"
"2003";"48.8103417636, 4.53084843791";"51";"51001";"Ablancourt";"3";"21";"NaN"
"2004";"48.7431643088, 0.466256113036";"61";"61446";"Saint-Pierre-des-Loges";"2";"25";"NaN"
"2008";"48.8018029229, 4.67029926523";"51";"51040";"Bassuet";"2";"21";"NaN"
"2005";"48.7864528297, 0.557396047758";"61";"61457";"Saint-Symphorien-des-Bruyères";"6";"25";"NaN"
"2005";"49.3615071345, 1.793763247209999";"60";"60616";"Sérifontaine";"29";"22";"NaN"
"2008";"48.9338177836, -1.378308523489999";"50";"50266";"Lengronne";"7";"25";"NaN"
"2005";"48.7360749427, -0.0897289866447";"61";"61194";"Goulet";"2";"25";"NaN"
"2003";"49.4201355471, -1.61663746279";"50";"50486";"Saint-Jacques-de-Néhou";"5";"25";"NaN"
"2011";"46.4126361231, 4.6349159927";"71";"71240";"Jalogny";"5";"26";"NaN"
"2005";"49.6915915371, -1.33947182303";"50";"50375";"Néville-sur-Mer";"4";"25";"NaN"
"2005";"47.5876286452, 5.96724404567";"70";"70580";"Vy-le-Ferroux";"4";"43";"NaN"
"2007";"46.4997145725, -0.774278865729999";"85";"85167";"L'Orbrie";"7";"52";"NaN"
"2004";"47.6660928171, -0.895241558074999";"49";"49277";"Sainte-Gemmes-d'Andigné";"15";"52";"NaN"
"2003";"46.2097919073, 0.479434214777";"86";"86189";"Payroux";"4";"54";"NaN"
"2005";"48.9438664581, -1.32723799683";"50";"50463";"Saint-Denis-le-Gast";"8";"25";"NaN"
"2009";"49.4459502042, 1.38564792564";"27";"27672";"Vascoeuil";"4";"23";"NaN"
"2007";"49.0668656108, 1.33964798484";"27";"27501";"Rouvray";"4";"23";"NaN"
"2008";"48.9030368503, 4.74003720995";"51";"51098";"Bussy-le-Repos";"1";"21";"NaN"
"2007";"49.0915999954, 1.43925560775";"27";"27562";"Saint-Marcel";"63";"23";"NaN"
"2005";"48.771366093, 4.28578540294";"51";"51212";"Dommartin-Lettrée";"2";"21";"NaN"
"2008";"47.807556604, -3.26971559866";"56";"56083";"Hennebont";"203";"53";"NaN"
"2013";"49.8141727455, 0.845673532596";"76";"76272";"Fontaine-le-Dun";"13";"23";"NaN"
"2005";"47.4881657518, -3.12282400639";"56";"56186";"Quiberon";"37";"53";"NaN"
"2008";"49.5861650281, 1.22979848856";"76";"76152";"Cailly";"14";"23";"NaN"
"2009";"49.1048014179, 6.80480680693";"57";"57271";"Guenviller";"4";"41";"NaN"
"2011";"48.6022245541, 3.42081185296";"77";"77026";"Beauchery-Saint-Martin";"5";"11";"NaN"
"2005";"49.8235682474, 0.71056171755";"76";"76467";"Néville";"19";"23";"NaN"
"2012";"47.7868240584, 5.74359892112";"70";"70143";"Chauvirey-le-Châtel";"4";"43";"NaN"
"2008";"45.6453715634, 1.93016871499";"19";"19268";"Toy-Viam";"0";"74";"NaN"
"2010";"47.9284392755, 6.13912860698";"70";"70323";"Mailleroncourt-Saint-Pancras";"1";"43";"NaN"
"2012";"46.3957782254, 4.68241463331";"71";"71031";"Berzé-le-Châtel";"2";"26";"NaN"
"2005";"47.0090636768, 5.2366823459";"21";"21311";"Grosbois-lès-Tichey";"0";"26";"NaN"
"2012";"46.556979900900004, 4.99361378862";"71";"71158";"Cuisery";"10";"26";"NaN"
"2006";"47.3168367609, 4.32727965395";"21";"21445";"La Motte-Ternant";"1";"26";"NaN"
"2004";"47.7190126678, 6.20728397771";"70";"70522";"Varogne";"2";"43";"NaN"
"2012";"47.3642286227, 5.15182250045";"21";"21469";"Orgeux";"7";"26";"NaN"
"2009";"43.3327963198, 2.51635482478";"11";"11081";"Caunes-Minervois";"15";"91";"NaN"
"2012";"47.1794258557, 4.64303707891";"21";"21156";"Chaudenay-le-Château";"1";"26";"NaN"
"2010";"44.5189878085, 4.40483643435";"07";"07272";"Saint-Maurice-d'Ardèche";"2";"82";"NaN"
"2006";"47.9155781312, 4.7394366973899995";"21";"21202";"Courban";"0";"26";"NaN"
"2008";"44.6614016738, 0.816025305504";"47";"47200";"Parranquet";"0";"72";"NaN"
"2004";"44.2940807275, 0.514265870524";"47";"47213";"Prayssas";"8";"72";"NaN"
"2005";"47.4889159636, 4.6965588014";"21";"21084";"Source-Seine";"0";"26";"NaN"
"2013";"47.3211690774, -0.335212087010999";"49";"49154";"Grézillé";"11";"52";"NaN"
"2007";"48.6742219512, 4.18559230801";"10";"10216";"Mailly-le-Camp";"40";"21";"NaN"
"2013";"48.6829849086, 4.27703317765";"10";"10293";"Poivres";"4";"21";"NaN"
"2007";"49.1906741242, -1.455142605519999";"50";"50328";"Millières";"9";"25";"NaN"
"2008";"48.1252290684, 4.67939293455";"10";"10076";"Champignol-lez-Mondeville";"4";"21";"NaN"
"2008";"49.3221921843, -1.388168799739999";"50";"50136";"Coigny";"2";"25";"NaN"
"2006";"48.4575603934, 3.5070361262";"10";"10153";"Fontaine-Mâcon";"3";"21";"NaN"
"2011";"49.1953005849, -1.37598924689";"50";"50552";"Saint-Sébastien-de-Raids";"2";"25";"NaN"
"2012";"43.4072581456, 1.94393147936";"11";"11292";"La Pomarède";"3";"91";"NaN"
"2003";"48.661573623, -1.37225712194";"50";"50616";"Le Val-Saint-Père";"23";"25";"NaN"
"2010";"49.5990015094, -1.7918666797";"50";"50620";"Vasteville";"15";"25";"NaN"
"2008";"46.8586081976, 5.8248269042";"39";"39116";"La Châtelaine";"1";"43";"NaN"
"2005";"48.6458789827, 4.60054022663";"51";"51017";"Arzillières-Neuville";"3";"21";"NaN"
"2005";"48.2664350425, -1.864147561629999";"35";"35058";"La Chapelle-Chaussée";"24";"53";"NaN"
"2009";"46.7559659836, 3.51003237912";"58";"58087";"Cossaye";"10";"26";"NaN"
"2009";"46.5931498881, 0.963558213736";"36";"36087";"Ingrandes";"3";"24";"NaN"
"2010";"50.0926261924, 3.27595747456";"59";"59341";"Lesdain";"9";"31";"NaN"
"2003";"48.5311376904, -1.57392395573";"35";"35222";"Pleine-Fougères";"18";"53";"NaN"
"2010";"50.4153161017, 2.06205464514";"62";"62872";"Wamin";"3";"31";"NaN"
"2007";"48.3796845502, -1.492903818349999";"35";"35244";"Romazy";"8";"53";"NaN"
"2005";"50.5345389344, 2.14734408463";"62";"62790";"Senlis";"3";"31";"NaN"
"2005";"48.6391173168, 0.752904500205";"61";"61429";"Saint-Maurice-lès-Charencey";"8";"25";"NaN"
"2003";"45.4240567135, 3.24088300911";"63";"63456";"Vichel";"2";"83";"NaN"
"2010";"48.8319872895, 0.428759391602";"61";"61434";"Saint-Nicolas-des-Laitiers";"2";"25";"NaN"
"2008";"46.4288360203, 5.26003405676";"01";"01029";"Beaupont";"7";"82";"NaN"
"2012";"48.4936450518, -0.634587693157";"61";"61075";"Ceaucé";"14";"25";"NaN"
"2009";"45.9184267932, 4.82747423402";"01";"01285";"Parcieux";"10";"82";"NaN"
"2008";"48.3206311258, 0.642420415108999";"61";"61379";"Saint-Cyr-la-Rosière";"2";"25";"NaN"
"2013";"49.9252841672, 3.36796234214";"02";"02323";"Fontaine-Uterte";"5";"22";"NaN"
"2010";"48.5404326393, 0.242237703533";"61";"61156";"Essay";"5";"25";"NaN"
"2012";"49.1164230809, 3.26303714363";"02";"02225";"Courchamps";"2";"22";"NaN"
"2012";"50.4986573015, 2.28398463259";"62";"62342";"Fontaine-lès-Boulans";"3";"31";"NaN"
"2004";"42.9370852126, 2.96042838757";"11";"11086";"Caves";"3";"91";"NaN"
"2009";"50.1926802634, 2.75913608882";"62";"62146";"Boiry-Saint-Martin";"5";"31";"NaN"
"2013";"43.2758588523, 2.87717593442";"11";"11164";"Ginestas";"7";"91";"NaN"
"2011";"50.4836257391, 2.11590995942";"62";"62726";"Ruisseauville";"4";"31";"NaN"
"2010";"50.1213705437, 2.59867218191";"62";"62733";"Sailly-au-Bois";"8";"31";"NaN"
"2011";"43.3934090766, 2.40300635339";"11";"11180";"Labastide-Esparbairenque";"0";"91";"NaN"
"2006";"50.362470832, 2.94589813108";"62";"62476";"Izel-lès-Équerchin";"6";"31";"NaN"
"2011";"44.5694224223, 2.68750805663";"12";"12098";"Estaing";"1";"73";"NaN"
"2007";"50.5614379612, 2.48197499021";"62";"62516";"Lillers";"122";"31";"NaN"
"2008";"43.1266480601, 2.12787543715";"11";"11061";"Cambieure";"5";"91";"NaN"
"2005";"50.2927140041, 2.62902405219";"62";"62586";"Montenescourt";"3";"31";"NaN"
"2013";"44.2930906891, 2.30836294143";"12";"12059";"Castanet";"2";"73";"NaN"
"2007";"50.9318131132, 2.0456999898";"62";"62623";"Nouvelle-Église";"12";"31";"NaN"
"2008";"42.9921607802, 2.9297362776";"11";"11322";"Roquefort-des-Corbières";"5";"91";"NaN"
"2013";"44.225497867, 2.1468963703";"12";"12128";"Lescure-Jaoul";"3";"73";"NaN"
"2012";"47.0914736081, 1.8594546964";"36";"36122";"Meunet-sur-Vatan";"4";"24";"NaN"
"2011";"50.3091545259, 3.02186108116";"62";"62627";"Noyelles-sous-Bellonne";"11";"31";"NaN"
"2012";"48.3560951211, -1.81258742693";"35";"35233";"Québriac";"17";"53";"NaN"
"2007";"48.3974434735, -1.26442564597";"35";"35273";"Saint-Germain-en-Coglès";"33";"53";"NaN"
"2013";"43.5728727057, 3.48660359956";"34";"34313";"Tressan";"3";"91";"NaN"
"2006";"43.3612997539, -0.890276104739";"64";"64531";"Tabaille-Usquain";"0";"72";"NaN"
"2010";"46.0002799003, -0.966249355235";"17";"17065";"Breuil-Magné";"12";"54";"NaN"
"2006";"43.4734148077, -0.470945656971999";"64";"64318";"Larreule";"2";"72";"NaN"
"2013";"46.1876266957, -0.870885218412999";"17";"17186";"Le Gué-d'Alleré";"16";"54";"NaN"
"2005";"47.2622294774, 2.64819893365";"18";"18111";"Humbligny";"0";"24";"NaN"
"2011";"43.2732972829, -0.35479385766";"64";"64373";"Mazères-Lezons";"14";"72";"NaN"
"2011";"47.0934510675, 2.52827991158";"18";"18158";"Moulins-sur-Yèvre";"13";"24";"NaN"
"2011";"47.1833400465, 1.94119668443";"18";"18085";"Dampierre-en-Graçay";"5";"24";"NaN"
"2010";"47.0315698276, 2.08940222035";"18";"18182";"Poisieux";"6";"24";"NaN"
"2011";"43.1867597741, 0.101493602864";"65";"65401";"Salles-Adour";"6";"73";"NaN"
"2011";"43.3910708794, 0.0554734768116";"65";"65460";"Vic-en-Bigorre";"32";"73";"NaN"
"2010";"42.6518506927, 2.83475138204";"66";"66038";"Canohès";"39";"91";"NaN"
"2004";"42.5679910483, 2.482086621829999";"66";"66073";"Estoher";"3";"91";"NaN"
"2004";"47.4372947607, 4.49901520895";"21";"21024";"Arnay-sous-Vitteaux";"0";"26";"NaN"
"2012";"47.2386657395, 4.95610732845";"21";"21110";"Brochon";"5";"26";"NaN"
"2004";"42.8207156581, 0.415397234999";"65";"65171";"Estarvielle";"0";"73";"NaN"
"2007";"45.3170286253, 5.5223348378";"38";"38566";"Vourey";"11";"82";"NaN"
"2004";"45.2632599727, 1.670355124159999";"19";"19082";"Favars";"15";"74";"NaN"
"2013";"45.0680531923, 6.05570708995";"38";"38177";"La Garde";"1";"82";"NaN"
"2005";"47.0776286494, 5.2762318698";"21";"21356";"Losne";"23";"26";"NaN"
"2009";"48.1516102771, 5.07446482114";"52";"52251";"Jonchery";"14";"21";"NaN"
"2009";"48.3653621373, -2.91178425275";"22";"22099";"Lanfains";"22";"53";"NaN"
"2003";"49.3296687157, 3.95052532169";"51";"51633";"Villers-Franqueux";"3";"21";"NaN"
"2013";"48.5946127518, -2.33355800652";"22";"22174";"Pléboulle";"3";"53";"NaN"
"2005";"48.8677969763, 4.39336523723";"51";"51339";"Mairy-sur-Marne";"3";"21";"NaN"
"2005";"48.4185427687, -3.55150480178";"22";"22231";"Plourac'h";"1";"53";"NaN"
"2013";"48.6108539647, -3.57279775883";"22";"22238";"Plufur";"2";"53";"NaN"
"2003";"47.670003344, 4.25730473718";"21";"21530";"Rougemont";"1";"26";"NaN"
"2013";"47.389027921, 4.68824509954";"21";"21552";"Saint-Hélier";"0";"26";"NaN"
"2013";"46.0616676024, 3.09345321573";"63";"63082";"Champs";"3";"83";"NaN"
"2007";"45.7440562611, 2.12615175724";"23";"23080";"Féniers";"0";"74";"NaN"
"2011";"50.8883355248, 1.68248567418";"62";"62899";"Wissant";"4";"31";"NaN"
"2011";"45.5150974832, 0.530385430073";"24";"24131";"Connezac";"1";"72";"NaN"
"2007";"50.9450043366, 2.1009180306";"62";"62766";"Saint-Omer-Capelle";"27";"31";"NaN"
"2005";"45.1363136207, 1.23246240823";"24";"24229";"Le Lardin-Saint-Lazare";"17";"72";"NaN"
"2007";"46.0248498581, 3.09894573011";"63";"63181";"Jozerand";"7";"83";"NaN"
"2007";"46.2109887646, 1.9959623106";"23";"23002";"Ajain";"6";"74";"NaN"
"2008";"45.7273657826, 2.65962165368";"63";"63433";"Tortebesse";"0";"83";"NaN"
"2007";"48.5509217232, 3.562035391";"10";"10031";"Barbuise";"4";"21";"NaN"
"2013";"46.4414393381, 0.537436523079";"86";"86094";"Dienné";"15";"54";"NaN"
"2010";"48.3707952955, -4.650000505579999";"29";"29130";"Locmaria-Plouzané";"49";"53";"NaN"
"2005";"46.4393119039, -0.947017086151";"85";"85121";"Le Langon";"10";"52";"NaN"
"2006";"48.4938327293, -4.41894214636";"29";"29160";"Plabennec";"100";"53";"NaN"
"2007";"46.5686332748, -1.70787622288";"85";"85250";"Saint-Mathurin";"29";"52";"NaN"
"2006";"46.6179795025, -1.24888057642";"85";"85291";"Thorigny";"29";"52";"NaN"
"2009";"47.1693297526, 6.169893852379999";"25";"25569";"Trépot";"3";"43";"NaN"
"2010";"47.236235248, 5.88394107726";"25";"25593";"Vaux-les-Prés";"1";"43";"NaN"
"2004";"45.5533573947, -0.405979459811";"17";"17192";"Jarnac-Champagne";"2";"54";"NaN"
"2005";"42.2881585012, 9.24928255053";"2B";"2B110";"Favalello";"0";"94";"NaN"
"2012";"42.4476687598, 9.25468558646";"2B";"2B169";"Morosaglia";"7";"94";"NaN"
"2009";"45.7749267656, -0.892730905106999";"17";"17330";"Sainte-Gemme";"21";"54";"NaN"
"2003";"45.5224276512, -0.356868114482";"17";"17355";"Sainte-Lheurine";"5";"54";"NaN"
"2004";"45.410632637, 1.36145818193";"19";"19011";"Arnac-Pompadour";"16";"74";"NaN"
"2007";"44.9808198297, 1.82767287912";"19";"19019";"Beaulieu-sur-Dordogne";"9";"74";"NaN"
"2012";"45.328176854, 1.40068283398";"19";"19286";"Vignols";"5";"74";"NaN"
"2012";"48.3938578197, -4.12922038869";"29";"29294";"Le Tréhou";"10";"53";"NaN"
"2007";"45.5473595192, 1.9000182869";"19";"19087";"Gourdon-Murat";"1";"74";"NaN"
"2010";"45.1101297922, 1.45969694671";"19";"19117";"Lissac-sur-Couze";"9";"74";"NaN"
"2007";"47.562852584, 2.33055121422";"18";"18067";"Clémont";"7";"24";"NaN"
"2013";"47.9506169361, 5.30859356776";"52";"52432";"Rolampont";"10";"21";"NaN"
"2011";"46.8245784906, 2.91377950744";"18";"18242";"Sancoins";"35";"24";"NaN"
"2008";"49.4211588157, 5.52020012648";"54";"54236";"Grand-Failly";"3";"41";"NaN"
"2013";"48.2677488568, -0.185983201964999";"53";"53223";"Saint-Germain-de-Coulamer";"3";"52";"NaN"
"2005";"45.6764768852, -0.789153508281";"17";"17445";"Thézac";"5";"54";"NaN"
"2010";"46.0698805334, -0.514998278543";"17";"17464";"Vergné";"1";"54";"NaN"
"2010";"47.5214378007, 4.44456513";"21";"21448";"Mussy-la-Fosse";"2";"26";"NaN"
"2006";"47.5980519223, 4.28133138948";"21";"21550";"Saint-Germain-lès-Senailly";"0";"26";"NaN"
"2009";"47.3458158582, 4.65536994421";"21";"21563";"Saint-Mesmin";"0";"26";"NaN"
"2010";"47.0569877471, 4.529383808409999";"21";"21566";"Saint-Pierre-en-Vaux";"3";"26";"NaN"
"2005";"47.2262535872, 5.05001697299";"21";"21586";"Saulon-la-Rue";"3";"26";"NaN"
"2010";"47.435689036, 5.24044596193";"21";"21682";"Viévigne";"4";"26";"NaN"
"2012";"47.1468951211, 4.56864595469";"21";"21216";"Culètre";"1";"26";"NaN"
"2004";"50.2380889989, 2.38095249535";"62";"62475";"Ivergny";"5";"31";"NaN"
"2011";"48.1936252026, -2.39598361343";"22";"22147";"Merdrignac";"22";"53";"NaN"
"2005";"45.1003503966, 0.363141785914";"24";"24032";"Beauronne";"2";"72";"NaN"
"2011";"43.9964171524, 3.9209656443";"30";"30119";"Fressac";"1";"91";"NaN"
"2003";"43.8279005842, 4.55775920877";"30";"30135";"Jonquières-Saint-Vincent";"36";"91";"NaN"
"2009";"44.0910913985, 4.50932689497";"30";"30205";"Pougnadoresse";"2";"91";"NaN"
"2010";"43.000904094, 0.731075064686";"31";"31012";"Arbon";"1";"73";"NaN"
"2010";"45.4653754545, 6.14395478368";"73";"73111";"Étable";"6";"82";"NaN"
"2006";"46.0421036287, 6.22183912174";"74";"74120";"Évires";"16";"82";"NaN"
"2003";"46.1818085953, 6.20707666644";"74";"74133";"Gaillard";"149";"82";"NaN"
"2004";"48.3560951211, -1.81258742693";"35";"35233";"Québriac";"26";"53";"NaN"
"2006";"48.2378252875, -2.14354106551";"35";"35234";"Quédillac";"15";"53";"NaN"
"2011";"43.3917705831, 3.64705148296";"34";"34301";"Sète";"509";"91";"NaN"
"2008";"43.7367573026, 3.69220324597";"34";"34343";"Viols-le-Fort";"10";"91";"NaN"
"2008";"48.6400443482, -1.98060627256";"35";"35288";"Saint-Malo";"442";"53";"NaN"
"2013";"48.454941971, -1.43630013291";"35";"35303";"Saint-Ouen-la-Rouërie";"6";"53";"NaN"
"2008";"48.0335297683, -1.94037369583";"35";"35319";"Saint-Thurial";"38";"53";"NaN"
"2011";"48.1171829255, -1.74956473355";"35";"35353";"Vezin-le-Coquet";"38";"53";"NaN"
"2012";"46.8459784921, 1.08124698726";"36";"36010";"Azay-le-Ferron";"5";"24";"NaN"
"2006";"46.9735557689, 1.35589306474";"36";"36243";"Villegouin";"4";"24";"NaN"
"2008";"47.5537288182, 0.360356955229";"37";"37084";"Couesmes";"8";"24";"NaN"
"2013";"47.9428950804, -1.50038718382";"35";"35136";"Janzé";"98";"53";"NaN"
"2013";"48.293087363, -1.12955612436";"35";"35163";"Luitré";"18";"53";"NaN"
"2011";"47.8302948158, -1.676495072179999";"35";"35012";"Bain-de-Bretagne";"96";"53";"NaN"
"2005";"47.9563331223, -1.95993951204";"35";"35035";"Bovel";"7";"53";"NaN"
"2012";"47.9399419517, -2.00815901738";"35";"35048";"Campel";"4";"53";"NaN"
"2010";"49.592445598, -1.39477640051";"50";"50593";"Teurthéville-Bocage";"9";"25";"NaN"
"2005";"48.8444141467, -1.55122744214";"50";"50647";"Yquelon";"5";"25";"NaN"
"2012";"49.1972757573, 4.41096827282";"51";"51019";"Aubérive";"5";"21";"NaN"
"2009";"49.125456085, 3.85394695704";"51";"51048";"Belval-sous-Châtillon";"1";"21";"NaN"
"2005";"49.2198739552, 3.99051364265";"51";"51058";"Bezannes";"5";"21";"NaN"
"2004";"49.1346852772, -1.35267057421";"50";"50308";"Le Mesnilbus";"4";"25";"NaN"
"2009";"49.1423322166, -1.07833436341";"50";"50321";"Le Mesnil-Rouxelin";"5";"25";"NaN"
"2008";"49.633412156, -1.63390160204";"50";"50129";"Cherbourg-Octeville";"482";"25";"NaN"
"2005";"49.4868620024, -1.69704450555";"50";"50418";"Quettetot";"9";"25";"NaN"
"2010";"49.3317884523, -1.67378144777";"50";"50503";"Saint-Lô-d'Ourville";"4";"25";"NaN"
"2006";"49.5728877751, -1.4894487737";"50";"50567";"Saussemesnil";"11";"25";"NaN"
"2005";"48.8085201444, -1.401972508";"50";"50247";"Hocquigny";"0";"25";"NaN"
"2006";"48.8085201444, -1.401972508";"50";"50247";"Hocquigny";"5";"25";"NaN"
"2008";"48.7435589691, 4.92012319388";"51";"51144";"Cheminon";"11";"21";"NaN"
"2013";"43.1694074655, 0.2540513635";"65";"65353";"Ozon";"1";"73";"NaN"
"2011";"42.6518506927, 2.83475138204";"66";"66038";"Canohès";"48";"91";"NaN"
"2012";"43.4423563274, -0.199025557867";"64";"64361";"Lussagnet-Lusson";"3";"72";"NaN"
"2012";"43.2702297083, -0.307769641145";"64";"64376";"Meillon";"10";"72";"NaN"
"2003";"43.3651274671, -0.350467486959999";"64";"64399";"Montardon";"17";"72";"NaN"
"2006";"43.5244222238, -0.355722297241";"64";"64456";"Pouliacq";"0";"72";"NaN"
"2004";"43.1520020024, 0.163133431927";"65";"65222";"Hitte";"2";"73";"NaN"
"2004";"44.096935134, 6.14456451427";"04";"04047";"Champtercier";"6";"93";"NaN"
"2007";"47.4594591063, 3.66121368079";"89";"89071";"Chamoux";"2";"26";"NaN"
"2003";"47.6788573234, 6.95039773409";"90";"90067";"Menoncourt";"3";"43";"NaN"
"2004";"47.764269044, 3.89097240309";"89";"89303";"Poilly-sur-Serein";"5";"26";"NaN"
"2008";"47.8795029889, 6.76927057164";"88";"88468";"Le Thillot";"27";"41";"NaN"
"2013";"48.3215627677, 5.87101635049";"88";"88514";"Viocourt";"1";"41";"NaN"
"2006";"49.1000437966, 2.49906495383";"95";"95250";"Fosses";"147";"11";"NaN"
"2012";"16.311751596, -61.0526890523";"971";"97110";"La Désirade";"10";"01";"NaN"
"2007";"14.4855423973, -60.9451190973";"972";"97227";"Sainte-Luce";"117";"02";"NaN"
"2012";"-21.1925353922, 55.7545224725";"974";"97419";"Sainte-Rose";"98";"04";"NaN"
"2008";"48.3569089853, 2.40696147299";"91";"91121";"Buno-Bonnevaux";"4";"11";"NaN"
"2010";"46.3291248847, 3.21707091921";"03";"03038";"Bransat";"3";"83";"NaN"
"2009";"46.4866887035, 3.01543389624";"03";"03238";"Saint-Hilaire";"5";"83";"NaN"
"2003";"48.2461425886, 4.46090923858";"10";"10401";"Vendeuvre-sur-Barse";"30";"21";"NaN"
"2006";"48.0675064407, 4.04451121185";"10";"10201";"La Loge-Pomblin";"2";"21";"NaN"
"2010";"42.7082898185, 1.55315444474";"09";"09295";"Siguer";"0";"73";"NaN"
"2013";"43.2032906079, 1.43351747814";"09";"09338";"Villeneuve-du-Latou";"2";"73";"NaN"
"2012";"48.4485130831, 4.25845008745";"10";"10021";"Avant-lès-Ramerupt";"4";"21";"NaN"
"2005";"48.0778186819, 3.82587613771";"10";"10107";"Coursan-en-Othe";"2";"21";"NaN"
"2010";"43.0692744925, 1.34937176896";"09";"09181";"Le Mas-d'Azil";"10";"73";"NaN"
"2011";"49.344933293, 2.30785725358";"60";"60317";"Hondainville";"7";"22";"NaN"
"2011";"49.3300766734, 2.46523634953";"60";"60360";"Liancourt";"97";"22";"NaN"
"2007";"49.4277052907, 1.986751589819999";"60";"60591";"Saint-Paul";"11";"22";"NaN"
"2008";"49.6978592083, 2.88427490672";"60";"60621";"Solente";"0";"22";"NaN"
"2005";"45.6352746305, 4.24093173504";"42";"42149";"Montrond-les-Bains";"45";"82";"NaN"
"2009";"49.4661009452, 3.59365333616";"02";"02183";"Chevregny";"2";"22";"NaN"
"2008";"46.0404897361, 4.14491926088";"42";"42170";"Perreux";"21";"82";"NaN"
"2013";"45.3763346252, 4.1143178936";"42";"42192";"Rozier-Côtes-d'Aurec";"5";"82";"NaN"
"2005";"47.8716770852, 1.29829930078";"41";"41273";"Vievy-le-Rayé";"1";"24";"NaN"
"2003";"45.3634716974, 3.81088454906";"43";"43196";"Saint-Jean-d'Aubrigoux";"1";"83";"NaN"
"2006";"47.3800629578, -2.07409913989";"44";"44013";"Besné";"43";"52";"NaN"
"2004";"46.1624812464, 4.12649769645";"42";"42267";"Saint-Nizier-sous-Charlieu";"11";"82";"NaN"
"2012";"49.7871481245, 3.79203868186";"02";"02823";"Voharies";"0";"22";"NaN"
"2007";"46.3670864602, 2.41001210443";"03";"03005";"Archignat";"6";"83";"NaN"
"2006";"49.9508154668, 3.25861980976";"02";"02539";"Nauroy";"13";"22";"NaN"
"2006";"47.7595620628, -1.11116254411";"49";"49088";"Chazé-Henry";"16";"52";"NaN"
"2005";"44.0855039631, 2.83906955497";"12";"12296";"Viala-du-Tarn";"1";"73";"NaN"
"2007";"46.6348166525, 3.66797467464";"03";"03120";"Garnat-sur-Engièvre";"9";"83";"NaN"
"2008";"46.0577534847, 3.7219179861000002";"03";"03224";"Saint-Clément";"3";"83";"NaN"
"2013";"44.1791526825, 2.02109386002";"12";"12210";"Saint-André-de-Najac";"2";"73";"NaN"
"2011";"46.5340787528, 2.8385482758";"03";"03150";"Louroux-Bourbonnais";"0";"83";"NaN"
"2005";"49.2140427905, -0.260172250622";"14";"14328";"Hérouvillette";"9";"25";"NaN"
"2005";"48.9244622578, 3.45003603667";"02";"02664";"Rozoy-Bellevalle";"0";"22";"NaN"
"2009";"49.3669899516, -0.901543572921999";"14";"14745";"Vierville-sur-Mer";"1";"25";"NaN"
"2007";"48.5128918959, 4.20166023679";"10";"10354";"Saint-Nabord-sur-Aube";"3";"21";"NaN"
"2011";"49.0219120469, -0.850433727124";"14";"14636";"Saint-Ouen-des-Besaces";"6";"25";"NaN"
"2010";"48.4446677907, 3.63034199913";"10";"10347";"Saint-Loup-de-Buffigny";"5";"21";"NaN"
"2011";"50.7236925633, 1.93553476901";"62";"62308";"Escoeuilles";"6";"31";"NaN"
"2009";"43.0023566445, 1.6795837904000002";"09";"09137";"Gudas";"2";"73";"NaN"
"2006";"47.9530607748, 4.07447909576";"10";"10087";"Chaserey";"1";"21";"NaN"
"2007";"43.0023566445, 1.6795837904000002";"09";"09137";"Gudas";"2";"73";"NaN"
"2007";"43.0297699245, 2.23528266508";"11";"11105";"Cournanel";"5";"91";"NaN"
"2007";"42.9675623246, 1.87181602964";"09";"09157";"Laroque-d'Olmes";"22";"73";"NaN"
"2011";"48.3358644177, 4.20667057813";"10";"10239";"Mesnil-Sellières";"7";"21";"NaN"
"2012";"50.3737414142, 1.90925846468";"62";"62382";"Gouy-Saint-André";"9";"31";"NaN"
"2008";"43.0291058072, 2.09555791235";"11";"11039";"La Bezole";"0";"91";"NaN"
"2010";"48.8236353401, -3.1817520424";"22";"22085";"Kerbors";"4";"53";"NaN"
"2012";"42.8659061967, 1.77079235235";"09";"09206";"Montferrier";"1";"73";"NaN"
"2012";"48.395565383, 4.03305791455";"10";"10230";"Mergey";"5";"21";"NaN"
"2003";"50.8407555351, 1.89853626716";"62";"62203";"Campagne-lès-Guines";"2";"31";"NaN"
"2013";"44.3944148302, 2.33164860958";"12";"12024";"Belcastel";"0";"73";"NaN"
"2013";"48.5504593394, -2.860446580949999";"22";"22367";"Tréméloir";"16";"53";"NaN"
"2005";"44.5034642584, 2.17991482623";"12";"12108";"Galgan";"4";"73";"NaN"
"2013";"47.3434622037, 4.57522013121";"21";"21649";"Uncey-le-Franc";"0";"26";"NaN"
"2007";"44.1937884405, 2.58717278711";"12";"12255";"Salmiech";"3";"73";"NaN"
"2006";"47.156020714, 5.40682525494";"21";"21701";"Villers-Rotin";"2";"26";"NaN"
"2005";"43.3618303056, 1.9600540407399991";"11";"11284";"Peyrens";"7";"91";"NaN"
"2010";"48.4414674679, -3.12592291873";"22";"22189";"Plésidy";"10";"53";"NaN"
"2006";"48.8778929255, 1.7191676109";"78";"78565";"Saint-Martin-des-Champs";"4";"11";"NaN"
"2003";"44.6649913736, 1.11317333778";"24";"24039";"Besse";"1";"72";"NaN"
"2009";"46.1263946231, -0.326929907334";"79";"79055";"Brieuil-sur-Chizé";"1";"54";"NaN"
"2009";"49.0102275931, 6.15977287871";"57";"57147";"Coin-sur-Seille";"2";"41";"NaN"
"2005";"48.6376060545, 2.7689913079";"77";"77534";"Yèbles";"6";"11";"NaN"
"2013";"47.3405522044, 6.93117850184";"25";"25591";"Vaufrey";"2";"43";"NaN"
"2003";"48.7975623096, 1.79110153574";"78";"78262";"Galluis";"12";"11";"NaN"
"2004";"47.1453733993, 6.08965365162";"25";"25628";"Villers-sous-Montrond";"2";"43";"NaN"
"2013";"45.8009403071, 5.62087768159";"01";"01116";"Contrevoz";"1";"82";"NaN"
"2006";"47.3558454875, 7.03093441343";"25";"25386";"Montancy";"0";"43";"NaN"
"2008";"45.965147537, 5.50283599885";"01";"01155";"Évosges";"1";"82";"NaN"
"2004";"47.6047054617, -2.59227223671";"56";"56259";"La Trinité-Surzur";"18";"53";"NaN"
"2006";"45.8469686113, 5.25166055884";"01";"01047";"Blyes";"20";"82";"NaN"
"2012";"49.3370255498, 5.2447539057";"55";"55571";"Vilosnes-Haraumont";"7";"41";"NaN"
"2004";"46.1226331853, 4.82243226719";"01";"01295";"Peyzieux-sur-Saône";"7";"82";"NaN"
"2009";"49.2899855727, 6.4826695714";"57";"57235";"Freistroff";"17";"41";"NaN"
